name,zone,hub,cluster,tier,has_website,hours_quality,phone_on_record,is_complex,angle,primary_ask,url,claim_url
Pick n Pay,Sandton CBD,supermarkets,daily-retail-conveniences,B,False,verified,True,False,worker welfare,Claim administrative control of the page already built for them at no cost.,https://skywalkingzulu1.github.io/sandton-index/pick-n-pay/sandton-cbd-supermarkets/,https://skywalkingzulu1.github.io/sandton-index/needs-a-website/?b=bfd9e141-ca08-40d0-b192-c9c114c7798c
Michelangelo,Sandton CBD,hotels-accommodation,housing-managed-complexes,A,False,unknown,False,False,resident health,Claim administrative control of the page already built for them at no cost.,https://skywalkingzulu1.github.io/sandton-index/michelangelo/,https://skywalkingzulu1.github.io/sandton-index/needs-a-website/?b=7e96c4af-4c66-4796-a011-61bf9e4f8d0e
Markham,Sandton CBD,clothing-fashion,daily-retail-conveniences,B,False,estimated,False,False,worker welfare,Claim administrative control of the page already built for them at no cost.,https://skywalkingzulu1.github.io/sandton-index/markham/,https://skywalkingzulu1.github.io/sandton-index/needs-a-website/?b=c1da6264-3193-458c-83b9-353242f01b6d
American Swiss,Sandton CBD,other,daily-retail-conveniences,A,False,estimated,False,False,worker welfare,Claim administrative control of the page already built for them at no cost.,https://skywalkingzulu1.github.io/sandton-index/american-swiss/,https://skywalkingzulu1.github.io/sandton-index/needs-a-website/?b=83a276bd-0da6-4863-96e4-bdaa0cdffd98
Woolworths,Sandton CBD,clothing-fashion,daily-retail-conveniences,C,True,verified,True,False,worker welfare,Claim the listing to correct and complete their details.,https://skywalkingzulu1.github.io/sandton-index/woolworths/sandton-cbd-clothing-fashion/,https://skywalkingzulu1.github.io/sandton-index/needs-a-website/?b=e5421244-5f78-4227-b55a-842f733169bf
Woolworths,Sandton CBD,supermarkets,daily-retail-conveniences,C,True,verified,True,False,worker welfare,Claim the listing to correct and complete their details.,https://skywalkingzulu1.github.io/sandton-index/woolworths/sandton-cbd-supermarkets/,https://skywalkingzulu1.github.io/sandton-index/needs-a-website/?b=a5bf30d6-2300-4260-99dc-d3d7514f955c
CNA,Sandton CBD,convenience-liquor,daily-retail-conveniences,B,False,estimated,False,False,worker welfare,Claim administrative control of the page already built for them at no cost.,https://skywalkingzulu1.github.io/sandton-index/cna/sandton-cbd-convenience-liquor/,https://skywalkingzulu1.github.io/sandton-index/needs-a-website/?b=353e33e2-680e-48e9-b568-8d5acdfaea6f
Victoria,Sandton CBD,other,daily-retail-conveniences,A,False,estimated,False,False,worker welfare,Claim administrative control of the page already built for them at no cost.,https://skywalkingzulu1.github.io/sandton-index/victoria/,https://skywalkingzulu1.github.io/sandton-index/needs-a-website/?b=3f7ecd0d-490c-4e84-9af5-428463e329cb
Shankara,Sandton CBD,clothing-fashion,daily-retail-conveniences,A,False,estimated,False,False,worker welfare,Claim administrative control of the page already built for them at no cost.,https://skywalkingzulu1.github.io/sandton-index/shankara/,https://skywalkingzulu1.github.io/sandton-index/needs-a-website/?b=1f7db4d0-efec-4427-ad13-60c2cfd77dda
La Juliette,Sandton CBD,other,daily-retail-conveniences,A,False,estimated,False,False,worker welfare,Claim administrative control of the page already built for them at no cost.,https://skywalkingzulu1.github.io/sandton-index/la-juliette/,https://skywalkingzulu1.github.io/sandton-index/needs-a-website/?b=a23e1f61-f217-4dec-8e9f-6875c89d474a
The Wine Connection,Sandton CBD,convenience-liquor,daily-retail-conveniences,A,False,estimated,False,False,worker welfare,Claim administrative control of the page already built for them at no cost.,https://skywalkingzulu1.github.io/sandton-index/wine-connection/,https://skywalkingzulu1.github.io/sandton-index/needs-a-website/?b=c25acb95-e42a-490b-85e0-53d28b5fa558
Kozi-Kids,Sandton CBD,clothing-fashion,daily-retail-conveniences,A,False,estimated,False,False,worker welfare,Claim administrative control of the page already built for them at no cost.,https://skywalkingzulu1.github.io/sandton-index/kozi-kids/,https://skywalkingzulu1.github.io/sandton-index/needs-a-website/?b=54a374eb-95d8-48cb-a532-03ff03ae2380
Aston Martin,Sandton CBD,automotive,transport-logistics,A,False,estimated,False,False,occupational health,Claim administrative control of the page already built for them at no cost.,https://skywalkingzulu1.github.io/sandton-index/aston-martin/,https://skywalkingzulu1.github.io/sandton-index/needs-a-website/?b=fe20e386-15d8-4ce4-8c24-3b89ab4ec286
Replay,Sandton CBD,clothing-fashion,daily-retail-conveniences,A,False,estimated,False,False,worker welfare,Claim administrative control of the page already built for them at no cost.,https://skywalkingzulu1.github.io/sandton-index/replay/,https://skywalkingzulu1.github.io/sandton-index/needs-a-website/?b=51ae81ab-f905-47ce-bc69-bcc04d0d5b6c
Edgars,Sandton CBD,clothing-fashion,daily-retail-conveniences,C,True,estimated,True,False,worker welfare,Claim the listing to correct and complete their details.,https://skywalkingzulu1.github.io/sandton-index/edgars/,https://skywalkingzulu1.github.io/sandton-index/needs-a-website/?b=5a5c84ad-b697-4cdb-be5c-8cf78d0938cf
Cameraland,Sandton CBD,tech-it,commercial-industrial-hubs,A,False,estimated,False,False,workplace health,Claim administrative control of the page already built for them at no cost.,https://skywalkingzulu1.github.io/sandton-index/cameraland/,https://skywalkingzulu1.github.io/sandton-index/needs-a-website/?b=a910f212-9b00-4a53-bac0-5b20aeca148b
Skechers,Sandton CBD,clothing-fashion,daily-retail-conveniences,A,False,estimated,False,False,worker welfare,Claim administrative control of the page already built for them at no cost.,https://skywalkingzulu1.github.io/sandton-index/skechers/,https://skywalkingzulu1.github.io/sandton-index/needs-a-website/?b=9ae8e420-47e7-48db-8fe6-557f1cd1c14d
Urban Hilton Weiner,Sandton CBD,clothing-fashion,daily-retail-conveniences,A,False,estimated,False,False,worker welfare,Claim administrative control of the page already built for them at no cost.,https://skywalkingzulu1.github.io/sandton-index/urban-hilton-weiner/,https://skywalkingzulu1.github.io/sandton-index/needs-a-website/?b=b25a45d0-fe69-45d7-b6e2-dabc68b3c334
Prato,Sandton CBD,clothing-fashion,daily-retail-conveniences,A,False,estimated,False,False,worker welfare,Claim administrative control of the page already built for them at no cost.,https://skywalkingzulu1.github.io/sandton-index/prato/,https://skywalkingzulu1.github.io/sandton-index/needs-a-website/?b=c9b1a3c9-9e54-469d-ad2b-245ab0245225
Hugo Boss,Sandton CBD,clothing-fashion,daily-retail-conveniences,A,False,estimated,False,False,worker welfare,Claim administrative control of the page already built for them at no cost.,https://skywalkingzulu1.github.io/sandton-index/hugo-boss/,https://skywalkingzulu1.github.io/sandton-index/needs-a-website/?b=29ae5bbc-342f-4d9b-a344-1cd05347cf34
Lacoste,Sandton CBD,clothing-fashion,daily-retail-conveniences,A,False,estimated,False,False,worker welfare,Claim administrative control of the page already built for them at no cost.,https://skywalkingzulu1.github.io/sandton-index/lacoste/,https://skywalkingzulu1.github.io/sandton-index/needs-a-website/?b=d0c7f4a9-fdc4-4713-831a-eb51907e9c7b
Grays,Sandton CBD,clothing-fashion,daily-retail-conveniences,A,False,estimated,False,False,worker welfare,Claim administrative control of the page already built for them at no cost.,https://skywalkingzulu1.github.io/sandton-index/grays/,https://skywalkingzulu1.github.io/sandton-index/needs-a-website/?b=649d81c0-472a-4552-a66a-9e64785d049b
Aigner,Sandton CBD,clothing-fashion,daily-retail-conveniences,A,False,estimated,False,False,worker welfare,Claim administrative control of the page already built for them at no cost.,https://skywalkingzulu1.github.io/sandton-index/aigner/,https://skywalkingzulu1.github.io/sandton-index/needs-a-website/?b=50d408dd-e931-4c24-b04b-0ba7bcd99196
Jenni Button,Sandton CBD,clothing-fashion,daily-retail-conveniences,A,False,estimated,False,False,worker welfare,Claim administrative control of the page already built for them at no cost.,https://skywalkingzulu1.github.io/sandton-index/jenni-button/,https://skywalkingzulu1.github.io/sandton-index/needs-a-website/?b=08a147be-b13d-4f26-96a0-49c03dfbab40
Gant,Sandton CBD,clothing-fashion,daily-retail-conveniences,A,False,estimated,False,False,worker welfare,Claim administrative control of the page already built for them at no cost.,https://skywalkingzulu1.github.io/sandton-index/gant/,https://skywalkingzulu1.github.io/sandton-index/needs-a-website/?b=eaab2b6c-aab1-4678-ab5b-74dbfd66e2d1
Fabian,Sandton CBD,clothing-fashion,daily-retail-conveniences,A,False,estimated,False,False,worker welfare,Claim administrative control of the page already built for them at no cost.,https://skywalkingzulu1.github.io/sandton-index/fabian/,https://skywalkingzulu1.github.io/sandton-index/needs-a-website/?b=f0f4f80c-0363-4a30-b8fc-72be426c5ef9
Pre View,Sandton CBD,clothing-fashion,daily-retail-conveniences,A,False,estimated,False,False,worker welfare,Claim administrative control of the page already built for them at no cost.,https://skywalkingzulu1.github.io/sandton-index/pre-view/,https://skywalkingzulu1.github.io/sandton-index/needs-a-website/?b=57677481-cd78-46f8-be36-fd9fdea01b32
Desch,Sandton CBD,clothing-fashion,daily-retail-conveniences,A,False,estimated,False,False,worker welfare,Claim administrative control of the page already built for them at no cost.,https://skywalkingzulu1.github.io/sandton-index/desch/,https://skywalkingzulu1.github.io/sandton-index/needs-a-website/?b=aaaf27a9-7274-4a6f-a0af-4fc56feed7d6
Jewelry Design,Sandton CBD,other,daily-retail-conveniences,A,False,estimated,False,False,worker welfare,Claim administrative control of the page already built for them at no cost.,https://skywalkingzulu1.github.io/sandton-index/jewelry-design/,https://skywalkingzulu1.github.io/sandton-index/needs-a-website/?b=f8cdfdda-1d6d-4acc-b06d-28d6865170e9
Morgan de Toi,Sandton CBD,clothing-fashion,daily-retail-conveniences,A,False,estimated,False,False,worker welfare,Claim administrative control of the page already built for them at no cost.,https://skywalkingzulu1.github.io/sandton-index/morgan-de-toi/,https://skywalkingzulu1.github.io/sandton-index/needs-a-website/?b=a012ab27-380f-42d7-a701-778734041783
Spitz,Sandton CBD,clothing-fashion,daily-retail-conveniences,A,False,estimated,False,False,worker welfare,Claim administrative control of the page already built for them at no cost.,https://skywalkingzulu1.github.io/sandton-index/spitz/,https://skywalkingzulu1.github.io/sandton-index/needs-a-website/?b=5d5a1d16-4b3a-4cda-94d6-7bd8f3a92efa
Temptations,Sandton CBD,clothing-fashion,daily-retail-conveniences,A,False,verified,False,False,worker welfare,Claim administrative control of the page already built for them at no cost.,https://skywalkingzulu1.github.io/sandton-index/temptations/,https://skywalkingzulu1.github.io/sandton-index/needs-a-website/?b=87775612-666f-4215-8caa-f465dd99cd92
Dore,Sandton CBD,clothing-fashion,daily-retail-conveniences,A,False,estimated,False,False,worker welfare,Claim administrative control of the page already built for them at no cost.,https://skywalkingzulu1.github.io/sandton-index/dore/,https://skywalkingzulu1.github.io/sandton-index/needs-a-website/?b=e125ef83-922e-40c9-b35d-18be3d97e21f
Truworths,Sandton CBD,clothing-fashion,daily-retail-conveniences,B,False,estimated,False,False,worker welfare,Claim administrative control of the page already built for them at no cost.,https://skywalkingzulu1.github.io/sandton-index/truworths/,https://skywalkingzulu1.github.io/sandton-index/needs-a-website/?b=6f4a6c50-6bfe-4e71-8061-20fc704a0d2e
Armani Jeans,Sandton CBD,clothing-fashion,daily-retail-conveniences,A,False,estimated,False,False,worker welfare,Claim administrative control of the page already built for them at no cost.,https://skywalkingzulu1.github.io/sandton-index/armani-jeans/,https://skywalkingzulu1.github.io/sandton-index/needs-a-website/?b=1133fea8-d94d-4e18-9b70-63c0b4e738d4
Foschini,Sandton CBD,clothing-fashion,daily-retail-conveniences,A,False,estimated,False,False,worker welfare,Claim administrative control of the page already built for them at no cost.,https://skywalkingzulu1.github.io/sandton-index/foschini/,https://skywalkingzulu1.github.io/sandton-index/needs-a-website/?b=bba1937f-c70f-4269-96d0-183f947c6963
Hilton Weiner,Sandton CBD,clothing-fashion,daily-retail-conveniences,A,False,estimated,False,False,worker welfare,Claim administrative control of the page already built for them at no cost.,https://skywalkingzulu1.github.io/sandton-index/hilton-weiner/,https://skywalkingzulu1.github.io/sandton-index/needs-a-website/?b=4c4d774d-9718-4e12-bad8-f8553a524032
Daniel Hechter,Sandton CBD,clothing-fashion,daily-retail-conveniences,A,False,estimated,False,False,worker welfare,Claim administrative control of the page already built for them at no cost.,https://skywalkingzulu1.github.io/sandton-index/daniel-hechter/,https://skywalkingzulu1.github.io/sandton-index/needs-a-website/?b=1de80643-4e86-4597-b596-ad9c1e1c7aff
Sterns,Sandton CBD,other,daily-retail-conveniences,A,False,estimated,False,False,worker welfare,Claim administrative control of the page already built for them at no cost.,https://skywalkingzulu1.github.io/sandton-index/sterns/,https://skywalkingzulu1.github.io/sandton-index/needs-a-website/?b=b168b741-c5cd-4982-9296-6c914f7bc3f5
Athur Kaplan,Sandton CBD,other,daily-retail-conveniences,A,False,estimated,False,False,worker welfare,Claim administrative control of the page already built for them at no cost.,https://skywalkingzulu1.github.io/sandton-index/athur-kaplan/,https://skywalkingzulu1.github.io/sandton-index/needs-a-website/?b=fd19c45d-a8f7-4b3b-a5e1-631f4e5920fa
Polo,Sandton CBD,clothing-fashion,daily-retail-conveniences,A,False,estimated,False,False,worker welfare,Claim administrative control of the page already built for them at no cost.,https://skywalkingzulu1.github.io/sandton-index/polo/,https://skywalkingzulu1.github.io/sandton-index/needs-a-website/?b=58b49092-b655-4988-994e-0ce4cfcc0371
Levisons,Sandton CBD,clothing-fashion,daily-retail-conveniences,A,False,estimated,False,False,worker welfare,Claim administrative control of the page already built for them at no cost.,https://skywalkingzulu1.github.io/sandton-index/levisons/,https://skywalkingzulu1.github.io/sandton-index/needs-a-website/?b=6c82e982-6936-47d5-a6f7-7ee20a56c506
Taggs,Sandton CBD,clothing-fashion,daily-retail-conveniences,A,False,estimated,False,False,worker welfare,Claim administrative control of the page already built for them at no cost.,https://skywalkingzulu1.github.io/sandton-index/taggs/,https://skywalkingzulu1.github.io/sandton-index/needs-a-website/?b=ccda4cfc-bc53-4db2-8bc9-f40cb55c31d3
Pallu,Sandton CBD,clothing-fashion,daily-retail-conveniences,A,False,estimated,False,False,worker welfare,Claim administrative control of the page already built for them at no cost.,https://skywalkingzulu1.github.io/sandton-index/pallu/,https://skywalkingzulu1.github.io/sandton-index/needs-a-website/?b=5fff5f1a-7350-47e7-8368-7f18becacce3
Cartier,Sandton CBD,other,daily-retail-conveniences,A,False,estimated,False,False,worker welfare,Claim administrative control of the page already built for them at no cost.,https://skywalkingzulu1.github.io/sandton-index/cartier/,https://skywalkingzulu1.github.io/sandton-index/needs-a-website/?b=adb1488d-89b3-4052-a7fe-0ff03cde1004
Janur Collection,Sandton CBD,other,daily-retail-conveniences,A,False,estimated,False,False,worker welfare,Claim administrative control of the page already built for them at no cost.,https://skywalkingzulu1.github.io/sandton-index/janur-collection/,https://skywalkingzulu1.github.io/sandton-index/needs-a-website/?b=7c778438-33ff-4144-a79e-dce6bcc635d1
Chervo,Sandton CBD,clothing-fashion,daily-retail-conveniences,A,False,estimated,False,False,worker welfare,Claim administrative control of the page already built for them at no cost.,https://skywalkingzulu1.github.io/sandton-index/chervo/,https://skywalkingzulu1.github.io/sandton-index/needs-a-website/?b=ebaf44dc-cbd2-4cd8-acf8-0a1a189d421a
Jack Friedman,Sandton CBD,other,daily-retail-conveniences,A,False,estimated,False,False,worker welfare,Claim administrative control of the page already built for them at no cost.,https://skywalkingzulu1.github.io/sandton-index/jack-friedman/,https://skywalkingzulu1.github.io/sandton-index/needs-a-website/?b=514c3554-de94-4137-8776-eca92f5074a1
Hertage,Sandton CBD,clothing-fashion,daily-retail-conveniences,A,False,estimated,False,False,worker welfare,Claim administrative control of the page already built for them at no cost.,https://skywalkingzulu1.github.io/sandton-index/hertage/,https://skywalkingzulu1.github.io/sandton-index/needs-a-website/?b=6bab645f-74ca-4847-a75d-a86f2ea3ffd5
Scoin,Sandton CBD,other,daily-retail-conveniences,A,False,estimated,False,False,worker welfare,Claim administrative control of the page already built for them at no cost.,https://skywalkingzulu1.github.io/sandton-index/scoin/,https://skywalkingzulu1.github.io/sandton-index/needs-a-website/?b=6a5e7259-63a9-4453-aa6a-b9f99e99607d
Shimansky,Sandton CBD,other,daily-retail-conveniences,A,False,estimated,False,False,worker welfare,Claim administrative control of the page already built for them at no cost.,https://skywalkingzulu1.github.io/sandton-index/shimansky/,https://skywalkingzulu1.github.io/sandton-index/needs-a-website/?b=2ce8d2c7-8c5a-4067-b5aa-d849cdaf8a48
Ragazzi,Sandton CBD,clothing-fashion,daily-retail-conveniences,A,False,estimated,False,False,worker welfare,Claim administrative control of the page already built for them at no cost.,https://skywalkingzulu1.github.io/sandton-index/ragazzi/,https://skywalkingzulu1.github.io/sandton-index/needs-a-website/?b=4bf36fe4-8fad-4a54-a50a-8607063c777b
Aftershock,Sandton CBD,clothing-fashion,daily-retail-conveniences,A,False,estimated,False,False,worker welfare,Claim administrative control of the page already built for them at no cost.,https://skywalkingzulu1.github.io/sandton-index/aftershock/,https://skywalkingzulu1.github.io/sandton-index/needs-a-website/?b=dde13791-c408-4dba-951d-d208bdc4df88
Cavallo,Sandton CBD,clothing-fashion,daily-retail-conveniences,A,False,estimated,False,False,worker welfare,Claim administrative control of the page already built for them at no cost.,https://skywalkingzulu1.github.io/sandton-index/cavallo/,https://skywalkingzulu1.github.io/sandton-index/needs-a-website/?b=73d60d69-b022-4570-9f2f-9a9af9586403
Nicci,Sandton CBD,clothing-fashion,daily-retail-conveniences,A,False,estimated,False,False,worker welfare,Claim administrative control of the page already built for them at no cost.,https://skywalkingzulu1.github.io/sandton-index/nicci/,https://skywalkingzulu1.github.io/sandton-index/needs-a-website/?b=738f54a6-1ba7-41a0-a4d2-b0c10f53440a
Pringle,Sandton CBD,clothing-fashion,daily-retail-conveniences,A,False,estimated,False,False,worker welfare,Claim administrative control of the page already built for them at no cost.,https://skywalkingzulu1.github.io/sandton-index/pringle/,https://skywalkingzulu1.github.io/sandton-index/needs-a-website/?b=23fd6bb4-7ab7-4793-b2dc-593b8cb09f83
Marion and Lindie,Sandton CBD,clothing-fashion,daily-retail-conveniences,A,False,estimated,False,False,worker welfare,Claim administrative control of the page already built for them at no cost.,https://skywalkingzulu1.github.io/sandton-index/marion-lindie/,https://skywalkingzulu1.github.io/sandton-index/needs-a-website/?b=e7acc7ce-cb36-4b8d-808b-5ad3b91d911b
Hydraulics,Sandton CBD,clothing-fashion,daily-retail-conveniences,A,False,estimated,False,False,worker welfare,Claim administrative control of the page already built for them at no cost.,https://skywalkingzulu1.github.io/sandton-index/hydraulics/,https://skywalkingzulu1.github.io/sandton-index/needs-a-website/?b=61589587-d5cd-492c-9fce-1e1ca4de8a73
Mont Blanc,Sandton CBD,other,daily-retail-conveniences,A,False,estimated,False,False,worker welfare,Claim administrative control of the page already built for them at no cost.,https://skywalkingzulu1.github.io/sandton-index/mont-blanc/,https://skywalkingzulu1.github.io/sandton-index/needs-a-website/?b=8936219d-b0fc-475b-b59b-a66d0feb60d1
Browns,Sandton CBD,other,daily-retail-conveniences,A,False,estimated,False,False,worker welfare,Claim administrative control of the page already built for them at no cost.,https://skywalkingzulu1.github.io/sandton-index/browns/,https://skywalkingzulu1.github.io/sandton-index/needs-a-website/?b=df6dcc3a-fbce-4ad8-8ca6-fb3fe792cb5e
Tanzanite International,Sandton CBD,other,daily-retail-conveniences,A,False,estimated,False,False,worker welfare,Claim administrative control of the page already built for them at no cost.,https://skywalkingzulu1.github.io/sandton-index/tanzanite-international/,https://skywalkingzulu1.github.io/sandton-index/needs-a-website/?b=df872e16-ee2c-4c38-965d-5ed37d3905d3
Van Giovanny,Sandton CBD,clothing-fashion,daily-retail-conveniences,A,False,estimated,False,False,worker welfare,Claim administrative control of the page already built for them at no cost.,https://skywalkingzulu1.github.io/sandton-index/van-giovanny/,https://skywalkingzulu1.github.io/sandton-index/needs-a-website/?b=fd57820c-1c24-4d9c-ae7e-539d07074337
Antonio,Sandton CBD,clothing-fashion,daily-retail-conveniences,A,False,estimated,False,False,worker welfare,Claim administrative control of the page already built for them at no cost.,https://skywalkingzulu1.github.io/sandton-index/antonio/,https://skywalkingzulu1.github.io/sandton-index/needs-a-website/?b=3d48d740-addf-484d-ab71-103a6f8e59a5
Foxy,Sandton CBD,clothing-fashion,daily-retail-conveniences,A,False,estimated,False,False,worker welfare,Claim administrative control of the page already built for them at no cost.,https://skywalkingzulu1.github.io/sandton-index/foxy/,https://skywalkingzulu1.github.io/sandton-index/needs-a-website/?b=e4a89994-0502-4951-9718-33865b51c858
Miss 60,Sandton CBD,clothing-fashion,daily-retail-conveniences,A,False,estimated,False,False,worker welfare,Claim administrative control of the page already built for them at no cost.,https://skywalkingzulu1.github.io/sandton-index/miss-60/,https://skywalkingzulu1.github.io/sandton-index/needs-a-website/?b=40372c97-3542-418a-af09-62614786abfa
Kiss,Sandton CBD,clothing-fashion,daily-retail-conveniences,A,False,estimated,False,False,worker welfare,Claim administrative control of the page already built for them at no cost.,https://skywalkingzulu1.github.io/sandton-index/kiss/,https://skywalkingzulu1.github.io/sandton-index/needs-a-website/?b=ec6d095d-51b6-4d28-b603-81946803d23e
The X Trainer,Sandton CBD,clothing-fashion,daily-retail-conveniences,A,False,estimated,False,False,worker welfare,Claim administrative control of the page already built for them at no cost.,https://skywalkingzulu1.github.io/sandton-index/x-trainer/,https://skywalkingzulu1.github.io/sandton-index/needs-a-website/?b=fada91b3-7b66-4967-aaa7-b47634735387
Guess,Sandton CBD,clothing-fashion,daily-retail-conveniences,A,False,estimated,False,False,worker welfare,Claim administrative control of the page already built for them at no cost.,https://skywalkingzulu1.github.io/sandton-index/guess/,https://skywalkingzulu1.github.io/sandton-index/needs-a-website/?b=768fadb0-1974-49ad-bde1-41e0bff66d42
The Mandy Manas,Sandton CBD,clothing-fashion,daily-retail-conveniences,A,False,estimated,False,False,worker welfare,Claim administrative control of the page already built for them at no cost.,https://skywalkingzulu1.github.io/sandton-index/mandy-manas/,https://skywalkingzulu1.github.io/sandton-index/needs-a-website/?b=36d05d56-313c-4b74-9226-49418fc0f236
Cape Union Mart,Sandton CBD,fitness-sports,recreation-lifestyle,A,False,estimated,False,False,member health,Claim administrative control of the page already built for them at no cost.,https://skywalkingzulu1.github.io/sandton-index/cape-union-mart/sandton-cbd-fitness-sports/,https://skywalkingzulu1.github.io/sandton-index/needs-a-website/?b=24fb2490-2f87-49f8-8166-b1fc4254f509
Coricraft,Sandton CBD,home-furniture,home-maintenance-trades,A,False,verified,False,False,,Claim administrative control of the page already built for them at no cost.,https://skywalkingzulu1.github.io/sandton-index/coricraft/sandton-cbd-home-furniture/,https://skywalkingzulu1.github.io/sandton-index/needs-a-website/?b=df946f73-adcd-431f-a49b-1f8d81ad21de
Shirleys,Sandton CBD,clothing-fashion,daily-retail-conveniences,A,False,estimated,False,False,worker welfare,Claim administrative control of the page already built for them at no cost.,https://skywalkingzulu1.github.io/sandton-index/shirleys/,https://skywalkingzulu1.github.io/sandton-index/needs-a-website/?b=ab5d8a4e-b49c-4a3e-92b8-a0a599c86949
Diesel,Sandton CBD,clothing-fashion,daily-retail-conveniences,B,False,estimated,False,False,worker welfare,Claim administrative control of the page already built for them at no cost.,https://skywalkingzulu1.github.io/sandton-index/diesel/,https://skywalkingzulu1.github.io/sandton-index/needs-a-website/?b=57da54b8-6a0f-425b-873e-f7b16c65f50c
Body Action,Sandton CBD,clothing-fashion,daily-retail-conveniences,A,False,estimated,False,False,worker welfare,Claim administrative control of the page already built for them at no cost.,https://skywalkingzulu1.github.io/sandton-index/body-action/,https://skywalkingzulu1.github.io/sandton-index/needs-a-website/?b=78916aa8-2443-46bf-8a45-9bbbfe2a72fb
Queenspark,Sandton CBD,clothing-fashion,daily-retail-conveniences,A,False,verified,False,False,worker welfare,Claim administrative control of the page already built for them at no cost.,https://skywalkingzulu1.github.io/sandton-index/queenspark/sandton-cbd-clothing-fashion/,https://skywalkingzulu1.github.io/sandton-index/needs-a-website/?b=cc294ae1-ab39-47e6-a0f0-4be0941c7bce
Pumpkin Patch,Sandton CBD,clothing-fashion,daily-retail-conveniences,A,False,estimated,False,False,worker welfare,Claim administrative control of the page already built for them at no cost.,https://skywalkingzulu1.github.io/sandton-index/pumpkin-patch/,https://skywalkingzulu1.github.io/sandton-index/needs-a-website/?b=869c009d-95d2-4ef4-b8c0-96e2ccc5d1e5
Big Blue,Sandton CBD,clothing-fashion,daily-retail-conveniences,A,False,estimated,False,False,worker welfare,Claim administrative control of the page already built for them at no cost.,https://skywalkingzulu1.github.io/sandton-index/big-blue/,https://skywalkingzulu1.github.io/sandton-index/needs-a-website/?b=00a89d7a-bdbb-4c48-b44b-0dfb7e9e9f45
Design Plus,Sandton CBD,home-furniture,home-maintenance-trades,A,False,estimated,False,False,,Claim administrative control of the page already built for them at no cost.,https://skywalkingzulu1.github.io/sandton-index/design-plus/sandton-cbd-home-furniture/,https://skywalkingzulu1.github.io/sandton-index/needs-a-website/?b=3f09f07f-d635-480b-87d5-d39037ba8f9a
Drifters,Sandton CBD,fitness-sports,recreation-lifestyle,A,False,verified,False,False,member health,Claim administrative control of the page already built for them at no cost.,https://skywalkingzulu1.github.io/sandton-index/drifters/,https://skywalkingzulu1.github.io/sandton-index/needs-a-website/?b=8f6f8ccf-b7dd-4389-b455-4a214f471cce
La Senza,Sandton CBD,clothing-fashion,daily-retail-conveniences,A,False,estimated,False,False,worker welfare,Claim administrative control of the page already built for them at no cost.,https://skywalkingzulu1.github.io/sandton-index/la-senza/,https://skywalkingzulu1.github.io/sandton-index/needs-a-website/?b=6483efb0-30ad-4a7e-a805-ac223f3585f9
Identity,Sandton CBD,clothing-fashion,daily-retail-conveniences,A,False,estimated,False,False,worker welfare,Claim administrative control of the page already built for them at no cost.,https://skywalkingzulu1.github.io/sandton-index/identity/,https://skywalkingzulu1.github.io/sandton-index/needs-a-website/?b=c024d001-21d4-426b-b0de-4cf1e164051c
Roberto Botticelli,Sandton CBD,clothing-fashion,daily-retail-conveniences,A,False,estimated,False,False,worker welfare,Claim administrative control of the page already built for them at no cost.,https://skywalkingzulu1.github.io/sandton-index/roberto-botticelli/,https://skywalkingzulu1.github.io/sandton-index/needs-a-website/?b=3593f619-69d6-4e77-bd62-9cbb3a764b2e
Sandown,Sandton CBD,travel-tourism,transport-logistics,A,False,estimated,False,False,occupational health,Claim administrative control of the page already built for them at no cost.,https://skywalkingzulu1.github.io/sandton-index/sandown/,https://skywalkingzulu1.github.io/sandton-index/needs-a-website/?b=eae826b9-f5dd-4027-9d1e-cbdbc53ea4d8
Hot Ice,Sandton CBD,clothing-fashion,daily-retail-conveniences,A,False,estimated,False,False,worker welfare,Claim administrative control of the page already built for them at no cost.,https://skywalkingzulu1.github.io/sandton-index/hot-ice/,https://skywalkingzulu1.github.io/sandton-index/needs-a-website/?b=3a2f96e3-5c19-4404-a982-3bab6b9aae6d
Jeep,Sandton CBD,clothing-fashion,daily-retail-conveniences,A,False,estimated,False,False,worker welfare,Claim administrative control of the page already built for them at no cost.,https://skywalkingzulu1.github.io/sandton-index/jeep/,https://skywalkingzulu1.github.io/sandton-index/needs-a-website/?b=3d304475-9f8c-4fad-9c0a-9614d2faa598
Toys R Us,Sandton CBD,clothing-fashion,daily-retail-conveniences,A,False,estimated,False,False,worker welfare,Claim administrative control of the page already built for them at no cost.,https://skywalkingzulu1.github.io/sandton-index/toys-r-us/sandton-cbd-clothing-fashion/,https://skywalkingzulu1.github.io/sandton-index/needs-a-website/?b=82aa34e8-21b5-4936-bbf9-886cfbf1401a
Elizabeth Manor,Sandton CBD,hotels-accommodation,housing-managed-complexes,A,False,unknown,False,False,resident health,Claim administrative control of the page already built for them at no cost.,https://skywalkingzulu1.github.io/sandton-index/elizabeth-manor/,https://skywalkingzulu1.github.io/sandton-index/needs-a-website/?b=c530c73c-6f4a-4258-a2d2-743497d8c017
Parkmore Liquors,Sandton CBD,convenience-liquor,daily-retail-conveniences,A,False,estimated,False,False,worker welfare,Claim administrative control of the page already built for them at no cost.,https://skywalkingzulu1.github.io/sandton-index/parkmore-liquors/,https://skywalkingzulu1.github.io/sandton-index/needs-a-website/?b=4390de35-346c-4006-80e8-717c1f57775e
City Lodge,Sandton CBD,hotels-accommodation,housing-managed-complexes,C,True,unknown,False,False,resident health,Claim the listing to correct and complete their details.,https://skywalkingzulu1.github.io/sandton-index/city-lodge/,https://skywalkingzulu1.github.io/sandton-index/needs-a-website/?b=43a2cb4a-ffba-4599-a65e-13ce5cc5e106
Sneakers,Sandton CBD,clothing-fashion,daily-retail-conveniences,A,False,estimated,False,False,worker welfare,Claim administrative control of the page already built for them at no cost.,https://skywalkingzulu1.github.io/sandton-index/sneakers/sandton-cbd-clothing-fashion/,https://skywalkingzulu1.github.io/sandton-index/needs-a-website/?b=72c82665-f6dc-4d87-a712-0c86fd1de9e4
Exclusive Books,Sandton CBD,media-printing,commercial-industrial-hubs,C,True,estimated,False,False,workplace health,Claim the listing to correct and complete their details.,https://skywalkingzulu1.github.io/sandton-index/exclusive-books/sandton-cbd-media-printing/,https://skywalkingzulu1.github.io/sandton-index/needs-a-website/?b=ba7acb2e-33ce-4fee-af18-7c08a6d54fb7
Woolworths,Sandton CBD,supermarkets,daily-retail-conveniences,B,False,verified,False,False,worker welfare,Claim administrative control of the page already built for them at no cost.,https://skywalkingzulu1.github.io/sandton-index/woolworths/sandton-cbd-supermarkets-2/,https://skywalkingzulu1.github.io/sandton-index/needs-a-website/?b=fe46b820-9b9f-4ad5-bf44-dbc65b58b243
Radisson Blu Gautrain,Sandton CBD,hotels-accommodation,housing-managed-complexes,A,False,unknown,False,False,resident health,Claim administrative control of the page already built for them at no cost.,https://skywalkingzulu1.github.io/sandton-index/radisson-blu-gautrain/,https://skywalkingzulu1.github.io/sandton-index/needs-a-website/?b=17bfc2da-d74f-4593-9c1a-0ae25f7fd4de
Radisson Blu Sandton,Sandton CBD,hotels-accommodation,housing-managed-complexes,A,False,unknown,True,False,resident health,Claim administrative control of the page already built for them at no cost.,https://skywalkingzulu1.github.io/sandton-index/radisson-blu/,https://skywalkingzulu1.github.io/sandton-index/needs-a-website/?b=13bde5bb-5c85-485e-9ceb-89ac6444c09d
Blue Label Telecoms,Sandton CBD,offices-coworking,commercial-industrial-hubs,A,False,estimated,False,False,workplace health,Claim administrative control of the page already built for them at no cost.,https://skywalkingzulu1.github.io/sandton-index/blue-label-telecoms/,https://skywalkingzulu1.github.io/sandton-index/needs-a-website/?b=46ae86d7-541f-409c-8baa-71e9dafe6cd0
Blackboard Bakery,Sandton CBD,restaurants-takeaways,daily-retail-conveniences,A,False,estimated,False,False,worker welfare,Claim administrative control of the page already built for them at no cost.,https://skywalkingzulu1.github.io/sandton-index/blackboard-bakery/,https://skywalkingzulu1.github.io/sandton-index/needs-a-website/?b=fbcac948-ed76-45c5-adf4-242b7a4812e5
Daytona Group,Sandton CBD,automotive,transport-logistics,A,False,estimated,False,False,occupational health,Claim administrative control of the page already built for them at no cost.,https://skywalkingzulu1.github.io/sandton-index/daytona/,https://skywalkingzulu1.github.io/sandton-index/needs-a-website/?b=5f976090-cde9-4c06-b09d-8b77e95286af
Rolls-Royce Motor Cars Sandton,Sandton CBD,automotive,transport-logistics,A,False,estimated,False,False,occupational health,Claim administrative control of the page already built for them at no cost.,https://skywalkingzulu1.github.io/sandton-index/rolls-royce-motor-cars/,https://skywalkingzulu1.github.io/sandton-index/needs-a-website/?b=3770af89-a08f-498c-88b3-dd90d5e2c5cc
Khaliques,Sandton CBD,clothing-fashion,daily-retail-conveniences,C,True,estimated,False,False,worker welfare,Claim the listing to correct and complete their details.,https://skywalkingzulu1.github.io/sandton-index/khaliques/,https://skywalkingzulu1.github.io/sandton-index/needs-a-website/?b=27007076-b57e-4f4d-b405-4af4caaca6f3
Eurosuit,Sandton CBD,clothing-fashion,daily-retail-conveniences,A,False,estimated,False,False,worker welfare,Claim administrative control of the page already built for them at no cost.,https://skywalkingzulu1.github.io/sandton-index/eurosuit/,https://skywalkingzulu1.github.io/sandton-index/needs-a-website/?b=8f8cc12d-ef0d-4bd8-8609-ca04d28f09d2
Garden Court Sandton CIty,Sandton CBD,hotels-accommodation,housing-managed-complexes,C,True,unknown,True,False,resident health,Claim the listing to correct and complete their details.,https://skywalkingzulu1.github.io/sandton-index/garden-court-city/,https://skywalkingzulu1.github.io/sandton-index/needs-a-website/?b=b8419a96-6c0c-4785-80ca-9a727813b28d
Sandton Executive Suites - Hydro Park,Sandton CBD,hotels-accommodation,housing-managed-complexes,A,False,unknown,True,False,resident health,Claim administrative control of the page already built for them at no cost.,https://skywalkingzulu1.github.io/sandton-index/executive-suites-hydro-park/,https://skywalkingzulu1.github.io/sandton-index/needs-a-website/?b=38ec7754-99bc-458c-906e-539ee915c550
Silica Financial Administration,Sandton CBD,offices-coworking,commercial-industrial-hubs,A,False,estimated,False,False,workplace health,Claim administrative control of the page already built for them at no cost.,https://skywalkingzulu1.github.io/sandton-index/silica-financial-administration/,https://skywalkingzulu1.github.io/sandton-index/needs-a-website/?b=524cac4a-fff6-458b-bbab-6ed8df5391b9
SLOW in the city,Sandton CBD,other,civic-public-services,A,False,estimated,False,False,,Claim administrative control of the page already built for them at no cost.,https://skywalkingzulu1.github.io/sandton-index/slow-in-city/,https://skywalkingzulu1.github.io/sandton-index/needs-a-website/?b=8a3126ed-8717-4745-b232-92ff65a1f65c
Park Inn Sandton,Sandton CBD,hotels-accommodation,housing-managed-complexes,C,True,unknown,True,False,resident health,Claim the listing to correct and complete their details.,https://skywalkingzulu1.github.io/sandton-index/park-inn/,https://skywalkingzulu1.github.io/sandton-index/needs-a-website/?b=a639febb-19d2-49b9-a7ec-bfd4e5f2751a
Volkswagen Group South Africa,Sandton CBD,automotive,transport-logistics,C,True,estimated,True,False,occupational health,Claim the listing to correct and complete their details.,https://skywalkingzulu1.github.io/sandton-index/volkswagen-africa/,https://skywalkingzulu1.github.io/sandton-index/needs-a-website/?b=361d4012-c1e0-48e6-9384-18d65f25b985
AtholPlace Hotel,Sandton CBD,hotels-accommodation,housing-managed-complexes,C,True,unknown,True,False,resident health,Claim the listing to correct and complete their details.,https://skywalkingzulu1.github.io/sandton-index/atholplace-hotel/,https://skywalkingzulu1.github.io/sandton-index/needs-a-website/?b=6d8c0551-3296-445e-b461-55cff6705bd9
Soulstice Consulting,Sandton CBD,offices-coworking,commercial-industrial-hubs,A,False,estimated,False,False,workplace health,Claim administrative control of the page already built for them at no cost.,https://skywalkingzulu1.github.io/sandton-index/soulstice-consulting/,https://skywalkingzulu1.github.io/sandton-index/needs-a-website/?b=ac8e3c3d-ec17-4589-bf5e-221f9d83697b
Hydro,Sandton CBD,hotels-accommodation,housing-managed-complexes,A,False,unknown,False,False,resident health,Claim administrative control of the page already built for them at no cost.,https://skywalkingzulu1.github.io/sandton-index/hydro/,https://skywalkingzulu1.github.io/sandton-index/needs-a-website/?b=482b1d73-a409-4c8a-8b7c-12eef7ec7951
Boston Consulting Group,Sandton CBD,offices-coworking,commercial-industrial-hubs,C,True,estimated,True,False,workplace health,Claim the listing to correct and complete their details.,https://skywalkingzulu1.github.io/sandton-index/boston-consulting/,https://skywalkingzulu1.github.io/sandton-index/needs-a-website/?b=2814c603-01d9-4974-9495-946caa226134
1 Stop Nutrition,Sandton CBD,beauty-hair,recreation-lifestyle,A,False,estimated,False,False,member health,Claim administrative control of the page already built for them at no cost.,https://skywalkingzulu1.github.io/sandton-index/1-stop-nutrition/,https://skywalkingzulu1.github.io/sandton-index/needs-a-website/?b=18f5a7d2-6c40-4a03-8c97-d5ed37e3c234
Virgin Active,Sandton CBD,fitness-sports,recreation-lifestyle,C,True,verified,True,False,member health,Claim the listing to correct and complete their details.,https://skywalkingzulu1.github.io/sandton-index/virgin-active/sandton-cbd-fitness-sports/,https://skywalkingzulu1.github.io/sandton-index/needs-a-website/?b=b37c3cc7-0508-42e7-998a-0cbbeee3759f
Santon Intercontinental,Sandton CBD,hotels-accommodation,housing-managed-complexes,A,False,unknown,False,False,resident health,Claim administrative control of the page already built for them at no cost.,https://skywalkingzulu1.github.io/sandton-index/santon-intercontinental/,https://skywalkingzulu1.github.io/sandton-index/needs-a-website/?b=127db25c-22c8-4b16-b501-09dee85a8903
Sandton Sun & Towers,Sandton CBD,hotels-accommodation,housing-managed-complexes,C,True,unknown,True,False,resident health,Claim the listing to correct and complete their details.,https://skywalkingzulu1.github.io/sandton-index/sun-towers/,https://skywalkingzulu1.github.io/sandton-index/needs-a-website/?b=faf797d1-5c1d-40da-9251-81d609889e13
Hogan Lovells,Sandton CBD,professional-services,commercial-industrial-hubs,C,True,verified,False,False,workplace health,Claim the listing to correct and complete their details.,https://skywalkingzulu1.github.io/sandton-index/hogan-lovells/,https://skywalkingzulu1.github.io/sandton-index/needs-a-website/?b=81b5add7-24c4-4dce-8a23-9679d7aa143e
Douglas,Sandton CBD,beauty-hair,recreation-lifestyle,A,False,estimated,False,False,member health,Claim administrative control of the page already built for them at no cost.,https://skywalkingzulu1.github.io/sandton-index/douglas/,https://skywalkingzulu1.github.io/sandton-index/needs-a-website/?b=56351dee-bec4-43e0-b9f4-d1e1b6c9da2c
Checkers Hyper,Sandton CBD,supermarkets,daily-retail-conveniences,C,True,verified,True,False,worker welfare,Claim the listing to correct and complete their details.,https://skywalkingzulu1.github.io/sandton-index/checkers-hyper/,https://skywalkingzulu1.github.io/sandton-index/needs-a-website/?b=4d0dce62-d071-4e8d-8602-199d4209a0e3
Signature Hotel Lux,Sandton CBD,hotels-accommodation,housing-managed-complexes,A,False,unknown,False,False,resident health,Claim administrative control of the page already built for them at no cost.,https://skywalkingzulu1.github.io/sandton-index/signature-hotel-lux/,https://skywalkingzulu1.github.io/sandton-index/needs-a-website/?b=884bb5de-95b5-4374-a10f-f1fcdd3895b9
IDC,Sandton CBD,offices-coworking,commercial-industrial-hubs,A,False,estimated,False,False,workplace health,Claim administrative control of the page already built for them at no cost.,https://skywalkingzulu1.github.io/sandton-index/idc/,https://skywalkingzulu1.github.io/sandton-index/needs-a-website/?b=5e36772d-ca71-465c-b7ed-f98c7adc2e5f
Old Mutual Offices,Sandton CBD,offices-coworking,commercial-industrial-hubs,C,True,verified,True,False,workplace health,Claim the listing to correct and complete their details.,https://skywalkingzulu1.github.io/sandton-index/old-mutual-offices/,https://skywalkingzulu1.github.io/sandton-index/needs-a-website/?b=c281a588-2d17-4445-94d6-30eeff2f66f2
Werkmans Attorneys,Sandton CBD,professional-services,commercial-industrial-hubs,A,False,estimated,True,False,workplace health,Claim administrative control of the page already built for them at no cost.,https://skywalkingzulu1.github.io/sandton-index/werkmans-attorneys/,https://skywalkingzulu1.github.io/sandton-index/needs-a-website/?b=b33632f7-302a-46ba-ba9b-12963c4fbae0
Times Square,Sandton CBD,hotels-accommodation,housing-managed-complexes,A,False,unknown,False,False,resident health,Claim administrative control of the page already built for them at no cost.,https://skywalkingzulu1.github.io/sandton-index/times-square/sandton-cbd-hotels-accommodation/,https://skywalkingzulu1.github.io/sandton-index/needs-a-website/?b=bedceef4-97b4-430f-83cc-132aa8135cc4
FNB Conference Centre,Sandton CBD,hotels-accommodation,housing-managed-complexes,B,False,unknown,False,False,resident health,Claim administrative control of the page already built for them at no cost.,https://skywalkingzulu1.github.io/sandton-index/fnb-conference/,https://skywalkingzulu1.github.io/sandton-index/needs-a-website/?b=a4741d0d-3e4c-4953-8888-78439970085d
Industrial Development Corporation,Sandton CBD,offices-coworking,commercial-industrial-hubs,A,False,estimated,False,False,workplace health,Claim administrative control of the page already built for them at no cost.,https://skywalkingzulu1.github.io/sandton-index/industrial-development-corporation/,https://skywalkingzulu1.github.io/sandton-index/needs-a-website/?b=3ca49902-eb0f-4671-b660-83abc6131327
McKinsey & Company,Sandton CBD,offices-coworking,commercial-industrial-hubs,C,True,estimated,True,False,workplace health,Claim the listing to correct and complete their details.,https://skywalkingzulu1.github.io/sandton-index/mckinsey/,https://skywalkingzulu1.github.io/sandton-index/needs-a-website/?b=2a796474-593b-4ab2-9792-1b36fb7da278
Absa,Sandton CBD,offices-coworking,commercial-industrial-hubs,C,True,estimated,False,False,workplace health,Claim the listing to correct and complete their details.,https://skywalkingzulu1.github.io/sandton-index/absa/sandton-cbd-offices-coworking/,https://skywalkingzulu1.github.io/sandton-index/needs-a-website/?b=11c9abb5-1bea-4b6c-ad9a-ede7100eac72
Norton Rose Fulbright,Sandton CBD,other,daily-retail-conveniences,A,False,estimated,False,False,worker welfare,Claim administrative control of the page already built for them at no cost.,https://skywalkingzulu1.github.io/sandton-index/norton-rose-fulbright/,https://skywalkingzulu1.github.io/sandton-index/needs-a-website/?b=e8a37fd6-0a24-4503-b079-d46097e2995f
Shell Select,Sandton CBD,convenience-liquor,daily-retail-conveniences,C,True,estimated,False,False,worker welfare,Claim the listing to correct and complete their details.,https://skywalkingzulu1.github.io/sandton-index/shell/sandton-cbd-convenience-liquor/,https://skywalkingzulu1.github.io/sandton-index/needs-a-website/?b=62bdaa8f-5b03-4029-8102-fd1a69829cc3
City Of Johannesburg Region E Offices,Sandton CBD,offices-coworking,commercial-industrial-hubs,A,False,estimated,False,False,workplace health,Claim administrative control of the page already built for them at no cost.,https://skywalkingzulu1.github.io/sandton-index/city-of-region-e-offices/,https://skywalkingzulu1.github.io/sandton-index/needs-a-website/?b=4ecbf5d3-3d5d-4101-83f6-01dbb695dc01
Ernst & Young HQ,Sandton CBD,offices-coworking,commercial-industrial-hubs,A,False,estimated,False,False,workplace health,Claim administrative control of the page already built for them at no cost.,https://skywalkingzulu1.github.io/sandton-index/ernst-young-hq/,https://skywalkingzulu1.github.io/sandton-index/needs-a-website/?b=ab468c43-a26f-4372-954a-7b02acaf3ca7
Morningside Mica,Sandton CBD,doityourself-hardware,home-maintenance-trades,C,True,estimated,True,False,,Claim the listing to correct and complete their details.,https://skywalkingzulu1.github.io/sandton-index/morningside-mica/,https://skywalkingzulu1.github.io/sandton-index/needs-a-website/?b=712727ff-6148-4231-a3ec-23557d79cc86
Fournos Bakery,Sandton CBD,restaurants-takeaways,daily-retail-conveniences,C,True,verified,False,False,worker welfare,Claim the listing to correct and complete their details.,https://skywalkingzulu1.github.io/sandton-index/fournos-bakery/sandton-cbd-restaurants-takeaways/,https://skywalkingzulu1.github.io/sandton-index/needs-a-website/?b=b6e46cdf-3754-45d7-b45a-b8d7068e09ad
Minty's Sandton,Sandton CBD,automotive,transport-logistics,C,True,estimated,True,False,occupational health,Claim the listing to correct and complete their details.,https://skywalkingzulu1.github.io/sandton-index/minty-s/,https://skywalkingzulu1.github.io/sandton-index/needs-a-website/?b=2a8d5155-828b-4160-a045-2895693b2b7a
Food Basics,Sandton CBD,supermarkets,daily-retail-conveniences,A,False,estimated,False,False,worker welfare,Claim administrative control of the page already built for them at no cost.,https://skywalkingzulu1.github.io/sandton-index/basics/,https://skywalkingzulu1.github.io/sandton-index/needs-a-website/?b=f912f9c5-8a45-4164-98bb-97832f593071
Lawtons Africa,Sandton CBD,professional-services,commercial-industrial-hubs,C,True,verified,True,False,workplace health,Claim the listing to correct and complete their details.,https://skywalkingzulu1.github.io/sandton-index/lawtons-africa/,https://skywalkingzulu1.github.io/sandton-index/needs-a-website/?b=e51b90f1-e8ca-4c16-80ec-76af84f5c0ba
Renaissance Spa,Sandton CBD,beauty-hair,recreation-lifestyle,A,False,estimated,False,False,member health,Claim administrative control of the page already built for them at no cost.,https://skywalkingzulu1.github.io/sandton-index/renaissance-spa/,https://skywalkingzulu1.github.io/sandton-index/needs-a-website/?b=d2f5ed6f-3300-44a0-871c-e2ad86fc2351
Seattle Coffee Company,Sandton CBD,restaurants-takeaways,daily-retail-conveniences,C,True,verified,False,False,worker welfare,Claim the listing to correct and complete their details.,https://skywalkingzulu1.github.io/sandton-index/seattle-coffee/,https://skywalkingzulu1.github.io/sandton-index/needs-a-website/?b=f5995855-50d8-469a-b938-294115e79c9c
Parkmore Flower Market,Sandton CBD,home-furniture,home-maintenance-trades,C,True,verified,True,False,,Claim the listing to correct and complete their details.,https://skywalkingzulu1.github.io/sandton-index/parkmore-flower/,https://skywalkingzulu1.github.io/sandton-index/needs-a-website/?b=177b8b63-f8c2-4f01-9945-30d7a144afea
Yahmiweh Hair & Beauty House,Sandton CBD,beauty-hair,recreation-lifestyle,A,False,verified,False,False,member health,Claim administrative control of the page already built for them at no cost.,https://skywalkingzulu1.github.io/sandton-index/yahmiweh-hair-beauty-house/,https://skywalkingzulu1.github.io/sandton-index/needs-a-website/?b=1cb7d698-e6b6-49a9-9b14-9386b2f5be6a
The Good Meat and Deli,Sandton CBD,supermarkets,daily-retail-conveniences,C,True,verified,True,False,worker welfare,Claim the listing to correct and complete their details.,https://skywalkingzulu1.github.io/sandton-index/good-meat-deli/,https://skywalkingzulu1.github.io/sandton-index/needs-a-website/?b=dbf032d8-45f9-448e-a56a-2e422f0a34af
A2X Markets Stock Exchange,Sandton CBD,professional-services,commercial-industrial-hubs,C,True,estimated,False,False,workplace health,Claim the listing to correct and complete their details.,https://skywalkingzulu1.github.io/sandton-index/a2x-markets-stock-exchange/,https://skywalkingzulu1.github.io/sandton-index/needs-a-website/?b=8761af9f-5c3f-4236-83c8-66bc5352ec02
Cash Converters,Sandton CBD,auctions-pawn,daily-retail-conveniences,A,False,estimated,False,False,worker welfare,Claim administrative control of the page already built for them at no cost.,https://skywalkingzulu1.github.io/sandton-index/cash-converters/sandton-cbd-auctions-pawn/,https://skywalkingzulu1.github.io/sandton-index/needs-a-website/?b=c5b9ca82-f6b7-48cc-99a7-410e051da65e
Sativa,Sandton CBD,cannabis,daily-retail-conveniences,A,False,estimated,False,False,worker welfare,Claim administrative control of the page already built for them at no cost.,https://skywalkingzulu1.github.io/sandton-index/sativa/,https://skywalkingzulu1.github.io/sandton-index/needs-a-website/?b=f8050fd4-759d-43f2-b8ee-57c16f4d2f56
The Exclusive,Sandton CBD,cannabis,daily-retail-conveniences,A,False,estimated,False,False,worker welfare,Claim administrative control of the page already built for them at no cost.,https://skywalkingzulu1.github.io/sandton-index/exclusive/,https://skywalkingzulu1.github.io/sandton-index/needs-a-website/?b=caf9392e-3074-4165-af4d-2d03452745fb
Pick n Pay Express,Sandton CBD,convenience-liquor,daily-retail-conveniences,B,False,verified,True,False,worker welfare,Claim administrative control of the page already built for them at no cost.,https://skywalkingzulu1.github.io/sandton-index/pick-n-pay/sandton-cbd-convenience-liquor/,https://skywalkingzulu1.github.io/sandton-index/needs-a-website/?b=459dd701-a719-442a-8568-611304ed0bb0
Shell,Sandton CBD,other,transport-logistics,C,True,estimated,True,False,occupational health,Claim the listing to correct and complete their details.,https://skywalkingzulu1.github.io/sandton-index/shell/sandton-cbd-other/,https://skywalkingzulu1.github.io/sandton-index/needs-a-website/?b=d49f95e7-8d6f-4679-8551-2cd5fa37d474
Dough & Co,Sandton CBD,supermarkets,daily-retail-conveniences,A,False,estimated,False,False,worker welfare,Claim administrative control of the page already built for them at no cost.,https://skywalkingzulu1.github.io/sandton-index/dough/,https://skywalkingzulu1.github.io/sandton-index/needs-a-website/?b=65e7634d-02eb-4863-a1a2-76e012f674e5
Checkers,Sandton CBD,supermarkets,daily-retail-conveniences,C,True,verified,True,False,worker welfare,Claim the listing to correct and complete their details.,https://skywalkingzulu1.github.io/sandton-index/checkers/sandton-cbd-supermarkets/,https://skywalkingzulu1.github.io/sandton-index/needs-a-website/?b=6b18c465-55c7-47fc-b9c8-2dddf9d590b2
LiquorShop Checkers,Sandton CBD,convenience-liquor,daily-retail-conveniences,B,False,verified,False,False,worker welfare,Claim administrative control of the page already built for them at no cost.,https://skywalkingzulu1.github.io/sandton-index/liquorshop-checkers/sandton-cbd-convenience-liquor/,https://skywalkingzulu1.github.io/sandton-index/needs-a-website/?b=d27a8639-7d13-46b2-a6f3-df8441144706
Petshop Science,Sandton CBD,pets-animals,daily-retail-conveniences,A,False,estimated,False,False,worker welfare,Claim administrative control of the page already built for them at no cost.,https://skywalkingzulu1.github.io/sandton-index/petshop-science/,https://skywalkingzulu1.github.io/sandton-index/needs-a-website/?b=5a63b69a-4204-4ef7-a2c2-b7fa7c764d05
Pick n Pay,Sandton CBD,supermarkets,daily-retail-conveniences,B,False,verified,False,False,worker welfare,Claim administrative control of the page already built for them at no cost.,https://skywalkingzulu1.github.io/sandton-index/pick-n-pay/sandton-cbd-supermarkets-2/,https://skywalkingzulu1.github.io/sandton-index/needs-a-website/?b=b7987c84-4eca-462b-9ec6-59678fdadb42
Virgin Active,Sandton CBD,fitness-sports,recreation-lifestyle,C,True,verified,True,False,member health,Claim the listing to correct and complete their details.,https://skywalkingzulu1.github.io/sandton-index/virgin-active/sandton-cbd-fitness-sports-2/,https://skywalkingzulu1.github.io/sandton-index/needs-a-website/?b=73e23790-2db5-4d76-9a0b-270c816ae0ed
Citadel Investment Services Johannesburg,Sandton CBD,professional-services,commercial-industrial-hubs,C,True,verified,True,False,workplace health,Claim the listing to correct and complete their details.,https://skywalkingzulu1.github.io/sandton-index/citadel-investment/,https://skywalkingzulu1.github.io/sandton-index/needs-a-website/?b=195167da-c513-48c8-adfe-6ce36d4034bd
Thomson Wilks,Sandton CBD,professional-services,commercial-industrial-hubs,C,True,verified,True,False,workplace health,Claim the listing to correct and complete their details.,https://skywalkingzulu1.github.io/sandton-index/thomson-wilks/,https://skywalkingzulu1.github.io/sandton-index/needs-a-website/?b=270070cc-44dd-4510-9714-971c606881d5
Drivers License Testing Centre,Sandton CBD,offices-coworking,commercial-industrial-hubs,A,False,estimated,False,False,workplace health,Claim administrative control of the page already built for them at no cost.,https://skywalkingzulu1.github.io/sandton-index/drivers-license-testing/,https://skywalkingzulu1.github.io/sandton-index/needs-a-website/?b=39efef09-b6a1-4e46-9681-060cb2ec17da
Planet Fitness,Sandton CBD,fitness-sports,recreation-lifestyle,C,True,verified,False,False,member health,Claim the listing to correct and complete their details.,https://skywalkingzulu1.github.io/sandton-index/planet-fitness/sandton-cbd-fitness-sports/,https://skywalkingzulu1.github.io/sandton-index/needs-a-website/?b=eb9bb626-9431-4702-b593-29d559791bee
Crisp & Clean,Sandton CBD,services-home,home-maintenance-trades,C,True,estimated,True,False,,Claim the listing to correct and complete their details.,https://skywalkingzulu1.github.io/sandton-index/crisp-clean/,https://skywalkingzulu1.github.io/sandton-index/needs-a-website/?b=cde2d20c-17bb-4bcb-b05b-5a3dfb05abad
Artjamming,Sandton CBD,home-furniture,home-maintenance-trades,C,True,verified,True,False,,Claim the listing to correct and complete their details.,https://skywalkingzulu1.github.io/sandton-index/artjamming/,https://skywalkingzulu1.github.io/sandton-index/needs-a-website/?b=d4e15002-df58-48a3-822a-a1fed2b419a2
Gold's Gym,Sandton CBD,fitness-sports,recreation-lifestyle,C,True,estimated,False,False,member health,Claim the listing to correct and complete their details.,https://skywalkingzulu1.github.io/sandton-index/gold-s-gym/,https://skywalkingzulu1.github.io/sandton-index/needs-a-website/?b=e6de0310-a751-488d-a9cb-d4d048a7367c
Wanderer Tours and Travel,Sandton CBD,other,daily-retail-conveniences,C,True,estimated,True,False,worker welfare,Claim the listing to correct and complete their details.,https://skywalkingzulu1.github.io/sandton-index/wanderer-tours-travel/,https://skywalkingzulu1.github.io/sandton-index/needs-a-website/?b=c4f52fc7-ae86-4922-8ec7-c132a16a53e5
Inanda Club,Sandton CBD,fitness-sports,recreation-lifestyle,A,False,estimated,False,False,member health,Claim administrative control of the page already built for them at no cost.,https://skywalkingzulu1.github.io/sandton-index/inanda-club/,https://skywalkingzulu1.github.io/sandton-index/needs-a-website/?b=a1d5f56a-36b1-49cf-9b65-aa05de8caae9
Johannesburg Stock Exchange,Sandton CBD,offices-coworking,commercial-industrial-hubs,C,True,estimated,False,False,workplace health,Claim the listing to correct and complete their details.,https://skywalkingzulu1.github.io/sandton-index/stock-exchange/,https://skywalkingzulu1.github.io/sandton-index/needs-a-website/?b=561bc747-14a6-498f-bd4b-dcb4a8cc18c4
Grayston Centre,Sandton CBD,malls-shopping-centres,commercial-industrial-hubs,A,False,estimated,False,False,workplace health,Claim administrative control of the page already built for them at no cost.,https://skywalkingzulu1.github.io/sandton-index/grayston/,https://skywalkingzulu1.github.io/sandton-index/needs-a-website/?b=696b03b4-0cc3-444f-b0c8-04e657d940eb
24 Central,Sandton CBD,offices-coworking,commercial-industrial-hubs,A,False,estimated,False,False,workplace health,Claim administrative control of the page already built for them at no cost.,https://skywalkingzulu1.github.io/sandton-index/24-central/,https://skywalkingzulu1.github.io/sandton-index/needs-a-website/?b=5d2e0caf-be2c-448c-819c-3efa26f6a5d9
Sandton City,Sandton CBD,malls-shopping-centres,commercial-industrial-hubs,A,False,estimated,False,False,workplace health,Claim administrative control of the page already built for them at no cost.,https://skywalkingzulu1.github.io/sandton-index/city/sandton-cbd-malls-shopping-centres/,https://skywalkingzulu1.github.io/sandton-index/needs-a-website/?b=20a176f1-6c2a-4eea-901f-7392aa75ad7b
Nelson Mandela Square,Sandton CBD,malls-shopping-centres,commercial-industrial-hubs,C,True,estimated,False,False,workplace health,Claim the listing to correct and complete their details.,https://skywalkingzulu1.github.io/sandton-index/nelson-mandela-square/,https://skywalkingzulu1.github.io/sandton-index/needs-a-website/?b=d5400eb5-0f26-44fd-9669-a57e8d22085c
Sandown Mews West,Sandton CBD,offices-coworking,commercial-industrial-hubs,A,False,estimated,False,False,workplace health,Claim administrative control of the page already built for them at no cost.,https://skywalkingzulu1.github.io/sandton-index/sandown-mews/sandton-cbd-offices-coworking/,https://skywalkingzulu1.github.io/sandton-index/needs-a-website/?b=f056199c-86ef-4278-81dc-81520fa531a0
Sandown Mews East,Sandton CBD,offices-coworking,commercial-industrial-hubs,A,False,estimated,False,False,workplace health,Claim administrative control of the page already built for them at no cost.,https://skywalkingzulu1.github.io/sandton-index/sandown-mews/sandton-cbd-offices-coworking-2/,https://skywalkingzulu1.github.io/sandton-index/needs-a-website/?b=c8165f8a-5b5a-4d56-92ba-c9bf1e38bb4b
Benmore Centre,Sandton CBD,malls-shopping-centres,commercial-industrial-hubs,C,True,estimated,False,False,workplace health,Claim the listing to correct and complete their details.,https://skywalkingzulu1.github.io/sandton-index/benmore/,https://skywalkingzulu1.github.io/sandton-index/needs-a-website/?b=c466cf32-713d-4800-968b-06b99c56e98e
Old Chadrien Place,Sandton CBD,offices-coworking,commercial-industrial-hubs,A,False,estimated,False,False,workplace health,Claim administrative control of the page already built for them at no cost.,https://skywalkingzulu1.github.io/sandton-index/old-chadrien-place/,https://skywalkingzulu1.github.io/sandton-index/needs-a-website/?b=06b768d4-306d-4668-b905-896dee88dccd
Discovery,Sandton CBD,offices-coworking,commercial-industrial-hubs,B,False,estimated,False,False,workplace health,Claim administrative control of the page already built for them at no cost.,https://skywalkingzulu1.github.io/sandton-index/discovery/sandton-cbd-offices-coworking/,https://skywalkingzulu1.github.io/sandton-index/needs-a-website/?b=0bc3546f-cf62-4ec5-9630-473489c64032
Discovery,Sandton CBD,offices-coworking,commercial-industrial-hubs,B,False,estimated,False,False,workplace health,Claim administrative control of the page already built for them at no cost.,https://skywalkingzulu1.github.io/sandton-index/discovery/sandton-cbd-offices-coworking-2/,https://skywalkingzulu1.github.io/sandton-index/needs-a-website/?b=c27ac648-a3ad-461f-a403-d5562ef21bc4
Outdoor Gymnasium,Sandton CBD,fitness-sports,recreation-lifestyle,A,False,estimated,False,False,member health,Claim administrative control of the page already built for them at no cost.,https://skywalkingzulu1.github.io/sandton-index/outdoor-gymnasium/,https://skywalkingzulu1.github.io/sandton-index/needs-a-website/?b=7049633d-6e55-4848-aedd-20741c7a6073
BMW Sandton Auto,Sandton CBD,automotive,transport-logistics,B,False,estimated,False,False,occupational health,Claim administrative control of the page already built for them at no cost.,https://skywalkingzulu1.github.io/sandton-index/bmw-auto/,https://skywalkingzulu1.github.io/sandton-index/needs-a-website/?b=f6e56d49-2706-475a-88a5-cfac1593b07c
Sandton Eye,Sandton CBD,offices-coworking,commercial-industrial-hubs,A,False,estimated,False,False,workplace health,Claim administrative control of the page already built for them at no cost.,https://skywalkingzulu1.github.io/sandton-index/eye/,https://skywalkingzulu1.github.io/sandton-index/needs-a-website/?b=97590e37-12cc-4965-aad2-689e9158b36e
115 West,Sandton CBD,offices-coworking,commercial-industrial-hubs,A,False,estimated,False,False,workplace health,Claim administrative control of the page already built for them at no cost.,https://skywalkingzulu1.github.io/sandton-index/115/,https://skywalkingzulu1.github.io/sandton-index/needs-a-website/?b=4290fcba-1315-4f52-bd2a-a805e2692eed
Southern Sun Sandton,Sandton CBD,hotels-accommodation,housing-managed-complexes,C,True,unknown,True,False,resident health,Claim the listing to correct and complete their details.,https://skywalkingzulu1.github.io/sandton-index/southern-sun/,https://skywalkingzulu1.github.io/sandton-index/needs-a-website/?b=37a4d780-46e4-4307-bcbf-805b1fe6ea4d
Katherine & West,Sandton CBD,offices-coworking,commercial-industrial-hubs,A,False,estimated,False,False,workplace health,Claim administrative control of the page already built for them at no cost.,https://skywalkingzulu1.github.io/sandton-index/katherine/,https://skywalkingzulu1.github.io/sandton-index/needs-a-website/?b=9059fab0-f3f5-4289-a0dd-d84775954ba6
The Maslow,Sandton CBD,hotels-accommodation,housing-managed-complexes,C,True,unknown,False,False,resident health,Claim the listing to correct and complete their details.,https://skywalkingzulu1.github.io/sandton-index/maslow/,https://skywalkingzulu1.github.io/sandton-index/needs-a-website/?b=814d6ebe-42c9-484b-8517-05db2de0dc2a
Sandton Convention Centre,Sandton CBD,malls-shopping-centres,commercial-industrial-hubs,C,True,estimated,False,False,workplace health,Claim the listing to correct and complete their details.,https://skywalkingzulu1.github.io/sandton-index/convention/,https://skywalkingzulu1.github.io/sandton-index/needs-a-website/?b=73167570-c27f-4f25-8f81-fd143cbc8eda
Hampton by Hilton Sandton Grayston,Sandton CBD,hotels-accommodation,housing-managed-complexes,C,True,unknown,True,False,resident health,Claim the listing to correct and complete their details.,https://skywalkingzulu1.github.io/sandton-index/hampton-by-hilton-grayston/,https://skywalkingzulu1.github.io/sandton-index/needs-a-website/?b=a14bfeb7-02a1-43d3-8b4b-ec3db7e0331a
Hilton Sandton,Sandton CBD,hotels-accommodation,housing-managed-complexes,C,True,unknown,True,False,resident health,Claim the listing to correct and complete their details.,https://skywalkingzulu1.github.io/sandton-index/hilton/,https://skywalkingzulu1.github.io/sandton-index/needs-a-website/?b=b55f562d-bbb4-41d4-b2d4-ecaabae137c0
Engen,Sandton CBD,convenience-liquor,daily-retail-conveniences,B,False,estimated,False,False,worker welfare,Claim administrative control of the page already built for them at no cost.,https://skywalkingzulu1.github.io/sandton-index/engen/,https://skywalkingzulu1.github.io/sandton-index/needs-a-website/?b=f94a7753-df7d-49ec-b08a-5e7e62636e68
iStore,Sandton CBD,tech-it,commercial-industrial-hubs,A,False,estimated,False,False,workplace health,Claim administrative control of the page already built for them at no cost.,https://skywalkingzulu1.github.io/sandton-index/istore/,https://skywalkingzulu1.github.io/sandton-index/needs-a-website/?b=de5d2450-3f9d-45fe-9bd0-af2f1c0c4637
The Capital Empire,Sandton CBD,hotels-accommodation,housing-managed-complexes,A,False,unknown,False,False,resident health,Claim administrative control of the page already built for them at no cost.,https://skywalkingzulu1.github.io/sandton-index/capital-empire/,https://skywalkingzulu1.github.io/sandton-index/needs-a-website/?b=3c7e18ee-928f-43f3-bd38-499a6e9ef075
Eris Tower,Sandton CBD,offices-coworking,commercial-industrial-hubs,A,False,estimated,False,False,workplace health,Claim administrative control of the page already built for them at no cost.,https://skywalkingzulu1.github.io/sandton-index/eris-tower/,https://skywalkingzulu1.github.io/sandton-index/needs-a-website/?b=9beeee67-e9f2-40ff-b592-c8beca345bd6
Total HQ,Sandton CBD,offices-coworking,commercial-industrial-hubs,B,False,estimated,False,False,workplace health,Claim administrative control of the page already built for them at no cost.,https://skywalkingzulu1.github.io/sandton-index/total-hq/,https://skywalkingzulu1.github.io/sandton-index/needs-a-website/?b=558afb14-911b-40c9-9426-ad72e2ba9ad2
the capital on park,Sandton CBD,hotels-accommodation,housing-managed-complexes,C,True,unknown,True,False,resident health,Claim the listing to correct and complete their details.,https://skywalkingzulu1.github.io/sandton-index/capital-on-park/,https://skywalkingzulu1.github.io/sandton-index/needs-a-website/?b=bf8e4350-8dc1-404e-b6b6-cd457def4a00
@Sandton Hotel,Sandton CBD,hotels-accommodation,housing-managed-complexes,C,True,unknown,True,False,resident health,Claim the listing to correct and complete their details.,https://skywalkingzulu1.github.io/sandton-index/hotel/,https://skywalkingzulu1.github.io/sandton-index/needs-a-website/?b=1ea847d1-4fb7-4699-b974-c2b7fc476087
KFC,Sandton CBD,restaurants-takeaways,daily-retail-conveniences,C,True,verified,True,False,worker welfare,Claim the listing to correct and complete their details.,https://skywalkingzulu1.github.io/sandton-index/kfc/,https://skywalkingzulu1.github.io/sandton-index/needs-a-website/?b=1fbd8c74-2fab-4ddf-b41d-4e9d6dd7bce8
Pretoria Street Park,Sandton CBD,fitness-sports,recreation-lifestyle,A,False,estimated,False,False,member health,Claim administrative control of the page already built for them at no cost.,https://skywalkingzulu1.github.io/sandton-index/pretoria-street-park/,https://skywalkingzulu1.github.io/sandton-index/needs-a-website/?b=14c9ce31-f892-4602-ba04-3ff8dd7f706d
Consulate General of the United States,Sandton CBD,offices-coworking,commercial-industrial-hubs,A,False,estimated,False,False,workplace health,Claim administrative control of the page already built for them at no cost.,https://skywalkingzulu1.github.io/sandton-index/consulate-general-of-united-states/,https://skywalkingzulu1.github.io/sandton-index/needs-a-website/?b=44f7c973-1b86-45d5-9f35-a162971fc20f
Discovery,Sandton CBD,offices-coworking,commercial-industrial-hubs,B,False,estimated,False,False,workplace health,Claim administrative control of the page already built for them at no cost.,https://skywalkingzulu1.github.io/sandton-index/discovery/sandton-cbd-offices-coworking-3/,https://skywalkingzulu1.github.io/sandton-index/needs-a-website/?b=ca15a619-4c00-4a72-aec0-64e3aa29736a
Webber Wentzel,Sandton CBD,offices-coworking,commercial-industrial-hubs,A,False,estimated,False,False,workplace health,Claim administrative control of the page already built for them at no cost.,https://skywalkingzulu1.github.io/sandton-index/webber-wentzel/sandton-cbd-offices-coworking/,https://skywalkingzulu1.github.io/sandton-index/needs-a-website/?b=cb4e1b8b-3b27-451f-9574-3a1bfc64b8ae
Alice Lane Sandton,Sandton CBD,offices-coworking,commercial-industrial-hubs,A,False,estimated,False,False,workplace health,Claim administrative control of the page already built for them at no cost.,https://skywalkingzulu1.github.io/sandton-index/alice-lane/,https://skywalkingzulu1.github.io/sandton-index/needs-a-website/?b=011fe4a1-cc0a-4fd7-8b6d-301292e66fac
Silica building,Sandton CBD,offices-coworking,commercial-industrial-hubs,A,False,estimated,False,False,workplace health,Claim administrative control of the page already built for them at no cost.,https://skywalkingzulu1.github.io/sandton-index/silica-building/,https://skywalkingzulu1.github.io/sandton-index/needs-a-website/?b=04de849d-b352-463d-9917-673f80ea08f7
Times Square,Sandton CBD,hotels-accommodation,housing-managed-complexes,A,False,unknown,False,False,resident health,Claim administrative control of the page already built for them at no cost.,https://skywalkingzulu1.github.io/sandton-index/times-square/sandton-cbd-hotels-accommodation-2/,https://skywalkingzulu1.github.io/sandton-index/needs-a-website/?b=e4b9914a-a0fc-49c8-bd37-4609c6bb4c23
Road Lodge,Sandton CBD,hotels-accommodation,housing-managed-complexes,C,True,unknown,True,False,resident health,Claim the listing to correct and complete their details.,https://skywalkingzulu1.github.io/sandton-index/road-lodge/,https://skywalkingzulu1.github.io/sandton-index/needs-a-website/?b=5475d8ab-80f3-49aa-a7f6-c96f57a908b2
The Catalyst Hotel,Sandton CBD,hotels-accommodation,housing-managed-complexes,C,True,unknown,True,False,resident health,Claim the listing to correct and complete their details.,https://skywalkingzulu1.github.io/sandton-index/catalyst-hotel/,https://skywalkingzulu1.github.io/sandton-index/needs-a-website/?b=d3cd4fcd-dd27-4ad6-8c85-08b8b744345f
DAVINCI Hotel and Suites,Sandton CBD,hotels-accommodation,housing-managed-complexes,C,True,unknown,True,False,resident health,Claim the listing to correct and complete their details.,https://skywalkingzulu1.github.io/sandton-index/davinci-hotel-suites/,https://skywalkingzulu1.github.io/sandton-index/needs-a-website/?b=ad2fd99f-52d6-4c27-972a-6d2ce4831bea
Daisy St Office Park,Sandton CBD,offices-coworking,commercial-industrial-hubs,A,False,estimated,False,True,workplace health,Claim administrative control of the page already built for them at no cost.,https://skywalkingzulu1.github.io/sandton-index/daisy-st-office-park/,https://skywalkingzulu1.github.io/sandton-index/needs-a-website/?b=2a07f968-cd29-4f5b-b007-7e1e293052c5
"Nedbank, 135 Rivonia, Block H",Sandton CBD,offices-coworking,commercial-industrial-hubs,B,False,estimated,False,False,workplace health,Claim administrative control of the page already built for them at no cost.,https://skywalkingzulu1.github.io/sandton-index/nedbank-135-rivonia-block-h/,https://skywalkingzulu1.github.io/sandton-index/needs-a-website/?b=442d1f3e-e21f-4a3c-8452-4f92b11bb7f0
Southern Sun Katherine Street Sandton,Sandton CBD,hotels-accommodation,housing-managed-complexes,C,True,unknown,True,False,resident health,Claim the listing to correct and complete their details.,https://skywalkingzulu1.github.io/sandton-index/southern-sun-katherine-street/,https://skywalkingzulu1.github.io/sandton-index/needs-a-website/?b=e36db47f-cd44-4acb-a804-6ecefc94e07b
Katherine Towers,Sandton CBD,offices-coworking,commercial-industrial-hubs,A,False,estimated,False,False,workplace health,Claim administrative control of the page already built for them at no cost.,https://skywalkingzulu1.github.io/sandton-index/katherine-towers/,https://skywalkingzulu1.github.io/sandton-index/needs-a-website/?b=a0a851b1-9a3d-4864-ae1c-5128cc38961b
Land Rover,Sandton CBD,automotive,transport-logistics,B,False,estimated,False,False,occupational health,Claim administrative control of the page already built for them at no cost.,https://skywalkingzulu1.github.io/sandton-index/land-rover/,https://skywalkingzulu1.github.io/sandton-index/needs-a-website/?b=0bd532e9-e61c-405a-af6f-a0965b5eec31
Balalaika,Sandton CBD,hotels-accommodation,housing-managed-complexes,C,True,unknown,False,False,resident health,Claim the listing to correct and complete their details.,https://skywalkingzulu1.github.io/sandton-index/balalaika/,https://skywalkingzulu1.github.io/sandton-index/needs-a-website/?b=ddd3b754-e5c1-4d98-88e9-f4380cbf9b62
Travellinck International,Bryanston,offices-coworking,commercial-industrial-hubs,C,True,estimated,False,False,workplace health,Claim the listing to correct and complete their details.,https://skywalkingzulu1.github.io/sandton-index/travellinck-international/,https://skywalkingzulu1.github.io/sandton-index/needs-a-website/?b=8026a58d-822f-4e73-bd86-90fd4d672ce3
Flor Decor,Bryanston,home-furniture,home-maintenance-trades,A,False,estimated,False,False,,Claim administrative control of the page already built for them at no cost.,https://skywalkingzulu1.github.io/sandton-index/flor-decor/,https://skywalkingzulu1.github.io/sandton-index/needs-a-website/?b=2a5f94b4-3a41-4c86-b2e9-ddd789c69c6c
Hush,Bryanston,cannabis,daily-retail-conveniences,A,False,estimated,False,False,worker welfare,Claim administrative control of the page already built for them at no cost.,https://skywalkingzulu1.github.io/sandton-index/hush/,https://skywalkingzulu1.github.io/sandton-index/needs-a-website/?b=3d7b47fd-bcc7-4f6a-93a5-0f72015cadcb
The Crown Hair Co,Bryanston,beauty-hair,recreation-lifestyle,A,False,estimated,False,False,member health,Claim administrative control of the page already built for them at no cost.,https://skywalkingzulu1.github.io/sandton-index/crown-hair/,https://skywalkingzulu1.github.io/sandton-index/needs-a-website/?b=347b9732-1c7f-4ec5-a2dd-6fb8d01db732
The Book Shop,Bryanston,media-printing,commercial-industrial-hubs,A,False,estimated,False,False,workplace health,Claim administrative control of the page already built for them at no cost.,https://skywalkingzulu1.github.io/sandton-index/book/,https://skywalkingzulu1.github.io/sandton-index/needs-a-website/?b=932075af-92c8-404a-a7c5-5a9b73c3f673
Rory Snell,Bryanston,home-furniture,home-maintenance-trades,A,False,estimated,False,False,,Claim administrative control of the page already built for them at no cost.,https://skywalkingzulu1.github.io/sandton-index/rory-snell/,https://skywalkingzulu1.github.io/sandton-index/needs-a-website/?b=2305cceb-5cab-4a64-8c33-10d4d70f8eef
Fruit and Veg Shop,Bryanston,supermarkets,daily-retail-conveniences,A,False,estimated,False,False,worker welfare,Claim administrative control of the page already built for them at no cost.,https://skywalkingzulu1.github.io/sandton-index/fruit-veg/,https://skywalkingzulu1.github.io/sandton-index/needs-a-website/?b=1321c0d8-f063-4453-9f91-36e71206860c
Drifters Adventure Centre,Bryanston,fitness-sports,recreation-lifestyle,C,True,verified,True,False,member health,Claim the listing to correct and complete their details.,https://skywalkingzulu1.github.io/sandton-index/drifters-adventure/,https://skywalkingzulu1.github.io/sandton-index/needs-a-website/?b=90baedf8-ee5d-459c-8ec9-d5e5c15d1a15
Ssang Yong,Bryanston,automotive,transport-logistics,A,False,estimated,False,False,occupational health,Claim administrative control of the page already built for them at no cost.,https://skywalkingzulu1.github.io/sandton-index/ssang-yong/,https://skywalkingzulu1.github.io/sandton-index/needs-a-website/?b=5d66b59d-3a8b-4afa-9c42-06815f9732c4
Glassfit,Bryanston,automotive,transport-logistics,A,False,estimated,False,False,occupational health,Claim administrative control of the page already built for them at no cost.,https://skywalkingzulu1.github.io/sandton-index/glassfit/,https://skywalkingzulu1.github.io/sandton-index/needs-a-website/?b=4ab89695-7651-4e14-ba31-068e359d8df4
Cape Storm Retail,Bryanston,malls-shopping-centres,commercial-industrial-hubs,A,False,estimated,False,False,workplace health,Claim administrative control of the page already built for them at no cost.,https://skywalkingzulu1.github.io/sandton-index/cape-storm-retail/,https://skywalkingzulu1.github.io/sandton-index/needs-a-website/?b=f3be0083-c55f-4b76-afde-c6387e88ae7e
Phoenix Motors,Bryanston,automotive,transport-logistics,A,False,estimated,False,False,occupational health,Claim administrative control of the page already built for them at no cost.,https://skywalkingzulu1.github.io/sandton-index/phoenix-motors/,https://skywalkingzulu1.github.io/sandton-index/needs-a-website/?b=0e043412-cf24-4b1a-91e4-6a9b4a34d85f
Speedy's,Bryanston,automotive,transport-logistics,A,False,estimated,False,False,occupational health,Claim administrative control of the page already built for them at no cost.,https://skywalkingzulu1.github.io/sandton-index/speedy-s/,https://skywalkingzulu1.github.io/sandton-index/needs-a-website/?b=ad1d53df-83e1-45e7-a811-a32acac3c194
Samsung Electronics,Bryanston,offices-coworking,commercial-industrial-hubs,A,False,estimated,False,False,workplace health,Claim administrative control of the page already built for them at no cost.,https://skywalkingzulu1.github.io/sandton-index/samsung-electronics/,https://skywalkingzulu1.github.io/sandton-index/needs-a-website/?b=279fb207-f691-4476-a45d-2c8e7938b66c
TechDynamics (Pty) Ltd,Bryanston,tech-it,commercial-industrial-hubs,A,False,estimated,False,False,workplace health,Claim administrative control of the page already built for them at no cost.,https://skywalkingzulu1.github.io/sandton-index/techdynamics/bryanston-east-tech-it/,https://skywalkingzulu1.github.io/sandton-index/needs-a-website/?b=51019a1d-d19d-4956-a876-03e03a8275ac
Wedgewood Office Park,Bryanston,other,commercial-industrial-hubs,A,False,estimated,False,True,workplace health,Claim administrative control of the page already built for them at no cost.,https://skywalkingzulu1.github.io/sandton-index/wedgewood-office-park/,https://skywalkingzulu1.github.io/sandton-index/needs-a-website/?b=2bb288b0-1934-4ee3-9071-2bb3aa57306f
TechDynamics (Pty) Ltd,Bryanston,tech-it,commercial-industrial-hubs,A,False,estimated,False,False,workplace health,Claim administrative control of the page already built for them at no cost.,https://skywalkingzulu1.github.io/sandton-index/techdynamics/bryanston-east-tech-it-2/,https://skywalkingzulu1.github.io/sandton-index/needs-a-website/?b=ee674afd-2577-4634-b633-17fb81d6e74b
Virgin Active,Bryanston,fitness-sports,recreation-lifestyle,C,True,verified,True,False,member health,Claim the listing to correct and complete their details.,https://skywalkingzulu1.github.io/sandton-index/virgin-active/bryanston-east-fitness-sports/,https://skywalkingzulu1.github.io/sandton-index/needs-a-website/?b=8c5c713e-ebc3-41d2-a9d5-da03e3a40e9f
Parc Nicol Office Park,Bryanston,other,commercial-industrial-hubs,A,False,estimated,False,True,workplace health,Claim administrative control of the page already built for them at no cost.,https://skywalkingzulu1.github.io/sandton-index/parc-nicol-office-park/,https://skywalkingzulu1.github.io/sandton-index/needs-a-website/?b=a090df2e-22cb-4a8e-aa57-41173af8299c
Cisco Systems South Africa,Bryanston,offices-coworking,commercial-industrial-hubs,A,False,estimated,False,False,workplace health,Claim administrative control of the page already built for them at no cost.,https://skywalkingzulu1.github.io/sandton-index/cisco-systems-africa/,https://skywalkingzulu1.github.io/sandton-index/needs-a-website/?b=ce744ece-6ebf-4913-a1d7-6aaf0829f80f
Bodytec,Bryanston,fitness-sports,recreation-lifestyle,C,True,verified,True,False,member health,Claim the listing to correct and complete their details.,https://skywalkingzulu1.github.io/sandton-index/bodytec/,https://skywalkingzulu1.github.io/sandton-index/needs-a-website/?b=adf1f777-170f-4dca-9280-f92cd97f90a5
Woolworths,Bryanston,supermarkets,daily-retail-conveniences,C,True,verified,True,False,worker welfare,Claim the listing to correct and complete their details.,https://skywalkingzulu1.github.io/sandton-index/woolworths/bryanston-east-supermarkets/,https://skywalkingzulu1.github.io/sandton-index/needs-a-website/?b=58e7cb3e-d095-40af-9f07-ce8890b8da67
Quickshop,Bryanston,convenience-liquor,daily-retail-conveniences,B,False,estimated,False,False,worker welfare,Claim administrative control of the page already built for them at no cost.,https://skywalkingzulu1.github.io/sandton-index/quickshop/bryanston-east-convenience-liquor/,https://skywalkingzulu1.github.io/sandton-index/needs-a-website/?b=90bee23e-1b18-4bbe-a524-30c544843764
DJA,Bryanston,professional-services,commercial-industrial-hubs,A,False,estimated,True,False,workplace health,Claim administrative control of the page already built for them at no cost.,https://skywalkingzulu1.github.io/sandton-index/dja/,https://skywalkingzulu1.github.io/sandton-index/needs-a-website/?b=e8c39e60-cb78-4573-942c-96c90dfb4faf
Culross on Main - Security Office,Bryanston,services-home,home-maintenance-trades,A,False,estimated,False,False,,Claim administrative control of the page already built for them at no cost.,https://skywalkingzulu1.github.io/sandton-index/culross-on-main-security-office/,https://skywalkingzulu1.github.io/sandton-index/needs-a-website/?b=d2cae7ca-bdec-4d0b-b92d-f69b381adc6e
Winifred Mandela Precinct,Bryanston,malls-shopping-centres,commercial-industrial-hubs,C,True,verified,False,False,workplace health,Claim the listing to correct and complete their details.,https://skywalkingzulu1.github.io/sandton-index/winifred-mandela-precinct/,https://skywalkingzulu1.github.io/sandton-index/needs-a-website/?b=1d7e8875-6308-439f-914c-d7c20a53adc5
Curios and Outdoor Ornaments,Bryanston,clothing-fashion,daily-retail-conveniences,A,False,estimated,False,False,worker welfare,Claim administrative control of the page already built for them at no cost.,https://skywalkingzulu1.github.io/sandton-index/curios-outdoor-ornaments/,https://skywalkingzulu1.github.io/sandton-index/needs-a-website/?b=c7efe62a-daeb-464d-89fa-ff2ad4424104
Naturally Yours,Bryanston,malls-shopping-centres,commercial-industrial-hubs,A,False,estimated,False,False,workplace health,Claim administrative control of the page already built for them at no cost.,https://skywalkingzulu1.github.io/sandton-index/naturally-yours/,https://skywalkingzulu1.github.io/sandton-index/needs-a-website/?b=56789bb5-99e1-4aa1-9f02-149310c05095
Imola,Bryanston,offices-coworking,commercial-industrial-hubs,A,False,estimated,False,False,workplace health,Claim administrative control of the page already built for them at no cost.,https://skywalkingzulu1.github.io/sandton-index/imola/,https://skywalkingzulu1.github.io/sandton-index/needs-a-website/?b=92a7f6da-be6e-49b0-ad5a-0039e8a20b94
Lords,Bryanston,offices-coworking,commercial-industrial-hubs,A,False,estimated,False,False,workplace health,Claim administrative control of the page already built for them at no cost.,https://skywalkingzulu1.github.io/sandton-index/lords/,https://skywalkingzulu1.github.io/sandton-index/needs-a-website/?b=e136c105-3c9b-4075-a166-ddcd7a3fd7fa
The Gym,Bryanston,offices-coworking,commercial-industrial-hubs,A,False,estimated,False,False,workplace health,Claim administrative control of the page already built for them at no cost.,https://skywalkingzulu1.github.io/sandton-index/gym/,https://skywalkingzulu1.github.io/sandton-index/needs-a-website/?b=c1125061-5132-4736-b787-993c57fb8dbf
Augusta,Bryanston,offices-coworking,commercial-industrial-hubs,A,False,estimated,False,False,workplace health,Claim administrative control of the page already built for them at no cost.,https://skywalkingzulu1.github.io/sandton-index/augusta/,https://skywalkingzulu1.github.io/sandton-index/needs-a-website/?b=4086f49d-455f-48c7-94be-d3dba16e4259
Newlands,Bryanston,offices-coworking,commercial-industrial-hubs,A,False,estimated,False,False,workplace health,Claim administrative control of the page already built for them at no cost.,https://skywalkingzulu1.github.io/sandton-index/newlands/,https://skywalkingzulu1.github.io/sandton-index/needs-a-website/?b=2ab32cd7-978b-4909-9545-3ebe5ca5e427
Software AG,Bryanston,offices-coworking,commercial-industrial-hubs,A,False,estimated,False,False,workplace health,Claim administrative control of the page already built for them at no cost.,https://skywalkingzulu1.github.io/sandton-index/software-ag/,https://skywalkingzulu1.github.io/sandton-index/needs-a-website/?b=8ec6b21e-75a9-4814-b58e-a99cf11acc36
AMP,Bryanston,offices-coworking,commercial-industrial-hubs,A,False,estimated,False,False,workplace health,Claim administrative control of the page already built for them at no cost.,https://skywalkingzulu1.github.io/sandton-index/amp/,https://skywalkingzulu1.github.io/sandton-index/needs-a-website/?b=65b32253-9f5d-4b1a-87ad-ec67b1827866
Klipboard South Africa,Bryanston,offices-coworking,commercial-industrial-hubs,A,False,estimated,False,False,workplace health,Claim administrative control of the page already built for them at no cost.,https://skywalkingzulu1.github.io/sandton-index/klipboard-africa/,https://skywalkingzulu1.github.io/sandton-index/needs-a-website/?b=afa5eded-bd8e-4c53-98ba-07502b4c5949
Clockwork,Bryanston,offices-coworking,commercial-industrial-hubs,C,True,estimated,True,False,workplace health,Claim the listing to correct and complete their details.,https://skywalkingzulu1.github.io/sandton-index/clockwork/,https://skywalkingzulu1.github.io/sandton-index/needs-a-website/?b=a0dccec1-c519-4e5d-aa15-b02c6a9d8e23
X-Meta (Facebook) HQ,Bryanston,offices-coworking,commercial-industrial-hubs,A,False,estimated,False,False,workplace health,Claim administrative control of the page already built for them at no cost.,https://skywalkingzulu1.github.io/sandton-index/x-meta-facebook-hq/,https://skywalkingzulu1.github.io/sandton-index/needs-a-website/?b=baff5e02-4783-4110-8a04-1b078e676b26
Le Mans,Bryanston,offices-coworking,commercial-industrial-hubs,A,False,estimated,False,False,workplace health,Claim administrative control of the page already built for them at no cost.,https://skywalkingzulu1.github.io/sandton-index/le-mans/,https://skywalkingzulu1.github.io/sandton-index/needs-a-website/?b=859cdcc4-9448-4772-92b2-b64e97d0b280
Roland Garros,Bryanston,offices-coworking,commercial-industrial-hubs,A,False,estimated,False,False,workplace health,Claim administrative control of the page already built for them at no cost.,https://skywalkingzulu1.github.io/sandton-index/roland-garros/,https://skywalkingzulu1.github.io/sandton-index/needs-a-website/?b=25c12900-866b-4533-8b98-c2e6fe097644
The Gabba,Bryanston,offices-coworking,commercial-industrial-hubs,A,False,estimated,False,False,workplace health,Claim administrative control of the page already built for them at no cost.,https://skywalkingzulu1.github.io/sandton-index/gabba/,https://skywalkingzulu1.github.io/sandton-index/needs-a-website/?b=c2033492-3b75-4346-9ef7-d328306d04ae
Wembley,Bryanston,offices-coworking,commercial-industrial-hubs,A,False,estimated,False,False,workplace health,Claim administrative control of the page already built for them at no cost.,https://skywalkingzulu1.github.io/sandton-index/wembley/,https://skywalkingzulu1.github.io/sandton-index/needs-a-website/?b=fb156109-ed96-4aed-b10d-9d0f3e6763e8
Carnoustie,Bryanston,offices-coworking,commercial-industrial-hubs,A,False,estimated,False,False,workplace health,Claim administrative control of the page already built for them at no cost.,https://skywalkingzulu1.github.io/sandton-index/carnoustie/,https://skywalkingzulu1.github.io/sandton-index/needs-a-website/?b=7f2fd693-51c4-4ebb-84f8-7c486c57f9a1
Woolworths,Rivonia,clothing-fashion,daily-retail-conveniences,C,True,verified,True,False,worker welfare,Claim the listing to correct and complete their details.,https://skywalkingzulu1.github.io/sandton-index/woolworths/rivonia-strip-clothing-fashion/,https://skywalkingzulu1.github.io/sandton-index/needs-a-website/?b=3dff5175-3e22-4fa8-b7f8-d4cec4816d94
Pick n Pay,Rivonia,supermarkets,daily-retail-conveniences,B,False,verified,True,False,worker welfare,Claim administrative control of the page already built for them at no cost.,https://skywalkingzulu1.github.io/sandton-index/pick-n-pay/rivonia-strip-supermarkets/,https://skywalkingzulu1.github.io/sandton-index/needs-a-website/?b=05ad20c9-7f7e-4fc0-ad33-5146bbde200b
Rivonia 24hr Locksmith,Rivonia,services-home,home-maintenance-trades,A,False,estimated,False,False,,Claim administrative control of the page already built for them at no cost.,https://skywalkingzulu1.github.io/sandton-index/rivonia-24hr-locksmith/,https://skywalkingzulu1.github.io/sandton-index/needs-a-website/?b=b8e28238-6054-4139-9510-2869d53b8327
Acrylic Game,Rivonia,beauty-hair,recreation-lifestyle,A,False,estimated,True,False,member health,Claim administrative control of the page already built for them at no cost.,https://skywalkingzulu1.github.io/sandton-index/acrylic-game/,https://skywalkingzulu1.github.io/sandton-index/needs-a-website/?b=6c188b0f-ea08-457b-8be8-4350a877e0e1
Jetline,Rivonia,media-printing,commercial-industrial-hubs,C,True,verified,True,False,workplace health,Claim the listing to correct and complete their details.,https://skywalkingzulu1.github.io/sandton-index/jetline/rivonia-strip-media-printing/,https://skywalkingzulu1.github.io/sandton-index/needs-a-website/?b=140a3a5d-3941-4f64-96d0-914c23b11f09
Levingers,Rivonia,services-home,home-maintenance-trades,C,True,verified,True,False,,Claim the listing to correct and complete their details.,https://skywalkingzulu1.github.io/sandton-index/levingers/,https://skywalkingzulu1.github.io/sandton-index/needs-a-website/?b=1043983a-84b6-4deb-8e3f-4ef12e46457a
Capmor Stationers,Rivonia,media-printing,commercial-industrial-hubs,C,True,verified,False,False,workplace health,Claim the listing to correct and complete their details.,https://skywalkingzulu1.github.io/sandton-index/capmor-stationers/,https://skywalkingzulu1.github.io/sandton-index/needs-a-website/?b=75ca0eda-df3c-4511-8bd6-4b00a9ea6334
Suzuki Rivonia,Rivonia,automotive,transport-logistics,C,True,verified,True,False,occupational health,Claim the listing to correct and complete their details.,https://skywalkingzulu1.github.io/sandton-index/suzuki-rivonia/,https://skywalkingzulu1.github.io/sandton-index/needs-a-website/?b=81eab237-c8e3-45b1-94ba-4b5f35e070e5
Pick n Pay,Rivonia,supermarkets,daily-retail-conveniences,B,False,verified,False,False,worker welfare,Claim administrative control of the page already built for them at no cost.,https://skywalkingzulu1.github.io/sandton-index/pick-n-pay/rivonia-strip-supermarkets-2/,https://skywalkingzulu1.github.io/sandton-index/needs-a-website/?b=9d4a2148-7978-45b3-9dae-0238923d26e1
Foto First,Rivonia,media-printing,commercial-industrial-hubs,A,False,verified,False,False,workplace health,Claim administrative control of the page already built for them at no cost.,https://skywalkingzulu1.github.io/sandton-index/foto-first/rivonia-strip-media-printing/,https://skywalkingzulu1.github.io/sandton-index/needs-a-website/?b=9c6b0127-5d47-49af-a626-95be7fe4c8a7
Woolworths Food,Rivonia,supermarkets,daily-retail-conveniences,C,True,verified,True,False,worker welfare,Claim the listing to correct and complete their details.,https://skywalkingzulu1.github.io/sandton-index/woolworths/rivonia-strip-supermarkets/,https://skywalkingzulu1.github.io/sandton-index/needs-a-website/?b=ec2e3838-a496-43cc-931e-09d33692f0e6
Northen Tiles,Rivonia,doityourself-hardware,home-maintenance-trades,A,False,estimated,False,False,,Claim administrative control of the page already built for them at no cost.,https://skywalkingzulu1.github.io/sandton-index/northen-tiles/,https://skywalkingzulu1.github.io/sandton-index/needs-a-website/?b=f325dee8-891c-4e60-9ebb-d93b66511dc6
Friendly Grocer,Rivonia,supermarkets,daily-retail-conveniences,A,False,estimated,False,False,worker welfare,Claim administrative control of the page already built for them at no cost.,https://skywalkingzulu1.github.io/sandton-index/friendly-grocer/,https://skywalkingzulu1.github.io/sandton-index/needs-a-website/?b=ee540bfd-8f6e-402a-8e06-d880da7c7426
Copy Shop,Rivonia,media-printing,commercial-industrial-hubs,A,False,estimated,False,False,workplace health,Claim administrative control of the page already built for them at no cost.,https://skywalkingzulu1.github.io/sandton-index/copy/,https://skywalkingzulu1.github.io/sandton-index/needs-a-website/?b=6812e47b-abdd-4d26-96a6-a5d8f0d35422
Woolworths,Rivonia,supermarkets,daily-retail-conveniences,B,False,verified,False,False,worker welfare,Claim administrative control of the page already built for them at no cost.,https://skywalkingzulu1.github.io/sandton-index/woolworths/rivonia-strip-supermarkets-2/,https://skywalkingzulu1.github.io/sandton-index/needs-a-website/?b=c47cf836-9134-4af6-a0e7-910f5aed0060
Woolworths Food,Rivonia,convenience-liquor,daily-retail-conveniences,C,True,verified,False,False,worker welfare,Claim the listing to correct and complete their details.,https://skywalkingzulu1.github.io/sandton-index/woolworths/rivonia-strip-convenience-liquor/,https://skywalkingzulu1.github.io/sandton-index/needs-a-website/?b=56e0cbed-f441-4a0b-b903-ad30c94ad665
Torque-IT Johannesburg Office,Rivonia,offices-coworking,commercial-industrial-hubs,A,False,estimated,False,False,workplace health,Claim administrative control of the page already built for them at no cost.,https://skywalkingzulu1.github.io/sandton-index/torque-it-office/,https://skywalkingzulu1.github.io/sandton-index/needs-a-website/?b=3cfa5443-4048-41c7-b573-42caa100381c
Bayport Financial Services,Rivonia,offices-coworking,commercial-industrial-hubs,C,True,verified,True,False,workplace health,Claim the listing to correct and complete their details.,https://skywalkingzulu1.github.io/sandton-index/bayport-financial/,https://skywalkingzulu1.github.io/sandton-index/needs-a-website/?b=796cfab8-1b46-433c-9d5e-19e76d390cb6
Woolworths Food,Rivonia,convenience-liquor,daily-retail-conveniences,B,False,verified,False,False,worker welfare,Claim administrative control of the page already built for them at no cost.,https://skywalkingzulu1.github.io/sandton-index/woolworths/rivonia-strip-convenience-liquor-2/,https://skywalkingzulu1.github.io/sandton-index/needs-a-website/?b=1b62d1b4-10f8-4b5e-a19e-a0321e154834
Checkers,Rivonia,supermarkets,daily-retail-conveniences,C,True,verified,True,False,worker welfare,Claim the listing to correct and complete their details.,https://skywalkingzulu1.github.io/sandton-index/checkers/rivonia-strip-supermarkets/,https://skywalkingzulu1.github.io/sandton-index/needs-a-website/?b=70278754-84d3-40aa-8610-9012b925752c
edutouch,Rivonia,offices-coworking,commercial-industrial-hubs,A,False,estimated,False,False,workplace health,Claim administrative control of the page already built for them at no cost.,https://skywalkingzulu1.github.io/sandton-index/edutouch/,https://skywalkingzulu1.github.io/sandton-index/needs-a-website/?b=0309792b-4f50-427f-8271-2e587514cd6d
Samsung,Rivonia,offices-coworking,commercial-industrial-hubs,A,False,estimated,False,False,workplace health,Claim administrative control of the page already built for them at no cost.,https://skywalkingzulu1.github.io/sandton-index/samsung/,https://skywalkingzulu1.github.io/sandton-index/needs-a-website/?b=0f8f5633-aa8c-4aee-b8f1-93d2dd520154
Riverside Liquor,Rivonia,convenience-liquor,daily-retail-conveniences,A,False,estimated,False,False,worker welfare,Claim administrative control of the page already built for them at no cost.,https://skywalkingzulu1.github.io/sandton-index/riverside/,https://skywalkingzulu1.github.io/sandton-index/needs-a-website/?b=dfdc9034-c99e-4fd9-a10c-ed0dd1284d76
Jackson's Real Food Market,Rivonia,supermarkets,daily-retail-conveniences,C,True,verified,False,False,worker welfare,Claim the listing to correct and complete their details.,https://skywalkingzulu1.github.io/sandton-index/jackson-s-real/,https://skywalkingzulu1.github.io/sandton-index/needs-a-website/?b=4f1eb126-76d2-4dd9-a92e-be40f2dc51ba
Afrihost Walk-in Centre,Rivonia,offices-coworking,commercial-industrial-hubs,A,False,estimated,False,False,workplace health,Claim administrative control of the page already built for them at no cost.,https://skywalkingzulu1.github.io/sandton-index/afrihost-walk-in/,https://skywalkingzulu1.github.io/sandton-index/needs-a-website/?b=842aa70d-4e77-4cf3-9570-226818d5ab44
Kathea Communications (Pty) Ltd,Rivonia,offices-coworking,commercial-industrial-hubs,A,False,estimated,False,False,workplace health,Claim administrative control of the page already built for them at no cost.,https://skywalkingzulu1.github.io/sandton-index/kathea-communications/,https://skywalkingzulu1.github.io/sandton-index/needs-a-website/?b=d6526582-b2f9-4d3f-a339-64a5597e7ca6
Hatfield VW Rivonia,Rivonia,automotive,transport-logistics,C,True,verified,True,False,occupational health,Claim the listing to correct and complete their details.,https://skywalkingzulu1.github.io/sandton-index/hatfield-vw-rivonia/,https://skywalkingzulu1.github.io/sandton-index/needs-a-website/?b=c300f95e-40d1-4455-89fa-c5d9958fd39f
Hashtag Nails,Rivonia,beauty-hair,recreation-lifestyle,C,True,verified,True,False,member health,Claim the listing to correct and complete their details.,https://skywalkingzulu1.github.io/sandton-index/hashtag-nails/,https://skywalkingzulu1.github.io/sandton-index/needs-a-website/?b=39ace84a-ffce-496e-bd1d-dc0bd3197208
LiquorShop Checkers,Rivonia,convenience-liquor,daily-retail-conveniences,C,True,verified,True,False,worker welfare,Claim the listing to correct and complete their details.,https://skywalkingzulu1.github.io/sandton-index/liquorshop-checkers/rivonia-strip-convenience-liquor/,https://skywalkingzulu1.github.io/sandton-index/needs-a-website/?b=ef1b6c81-8107-4ddd-b1c2-5e34f6097eb5
Absolute Pets,Rivonia,pets-animals,daily-retail-conveniences,C,True,verified,False,False,worker welfare,Claim the listing to correct and complete their details.,https://skywalkingzulu1.github.io/sandton-index/absolute-pets/rivonia-strip-pets-animals/,https://skywalkingzulu1.github.io/sandton-index/needs-a-website/?b=3900cfda-9088-4bdc-bdf8-9c9ee0ea73bd
Pick n Pay Clothing,Rivonia,clothing-fashion,daily-retail-conveniences,C,True,estimated,False,False,worker welfare,Claim the listing to correct and complete their details.,https://skywalkingzulu1.github.io/sandton-index/pick-n-pay-clothing/,https://skywalkingzulu1.github.io/sandton-index/needs-a-website/?b=2d77611b-e3b0-4b38-8ab0-cd280ee06a89
Car Service City,Rivonia,automotive,transport-logistics,C,True,verified,True,False,occupational health,Claim the listing to correct and complete their details.,https://skywalkingzulu1.github.io/sandton-index/car-city/rivonia-strip-automotive/,https://skywalkingzulu1.github.io/sandton-index/needs-a-website/?b=5a0012f9-d2f8-4703-b45f-d1030e5a019d
Food Lover's Market,Rivonia,supermarkets,daily-retail-conveniences,C,True,verified,True,False,worker welfare,Claim the listing to correct and complete their details.,https://skywalkingzulu1.github.io/sandton-index/lover-s/rivonia-strip-supermarkets/,https://skywalkingzulu1.github.io/sandton-index/needs-a-website/?b=6215ffe1-ee94-40c1-9c24-0f53d1d5078b
Mica,Rivonia,doityourself-hardware,home-maintenance-trades,C,True,verified,True,False,,Claim the listing to correct and complete their details.,https://skywalkingzulu1.github.io/sandton-index/mica/,https://skywalkingzulu1.github.io/sandton-index/needs-a-website/?b=6cfe5dc9-c0bf-4883-b7ce-3f50c6720567
Clicks,Rivonia,health-wellness,health-medical-urgent,C,True,verified,True,False,clinical partnership,Claim the listing to correct and complete their details.,https://skywalkingzulu1.github.io/sandton-index/clicks/rivonia-strip-health-wellness/,https://skywalkingzulu1.github.io/sandton-index/needs-a-website/?b=227eda30-fb6e-4c51-af0c-631c22a2657b
Absolute Pets,Rivonia,pets-animals,daily-retail-conveniences,C,True,verified,False,False,worker welfare,Claim the listing to correct and complete their details.,https://skywalkingzulu1.github.io/sandton-index/absolute-pets/rivonia-strip-pets-animals-2/,https://skywalkingzulu1.github.io/sandton-index/needs-a-website/?b=079a14b5-cede-4871-8243-e57f6a34c901
Eden Tech,Rivonia,tech-it,commercial-industrial-hubs,A,False,estimated,True,False,workplace health,Claim administrative control of the page already built for them at no cost.,https://skywalkingzulu1.github.io/sandton-index/eden-tech/,https://skywalkingzulu1.github.io/sandton-index/needs-a-website/?b=cc43ffdd-3616-413b-8abd-5c28e737065b
The Crazy Store,Rivonia,other,daily-retail-conveniences,C,True,verified,True,False,worker welfare,Claim the listing to correct and complete their details.,https://skywalkingzulu1.github.io/sandton-index/crazy/rivonia-strip-other/,https://skywalkingzulu1.github.io/sandton-index/needs-a-website/?b=067ed11c-b290-40a2-9f9b-70a018aa7115
Mane Attraction Hairstylists,Rivonia,beauty-hair,recreation-lifestyle,C,True,verified,True,False,member health,Claim the listing to correct and complete their details.,https://skywalkingzulu1.github.io/sandton-index/mane-attraction-hairstylists/,https://skywalkingzulu1.github.io/sandton-index/needs-a-website/?b=04789233-8695-4148-ad92-a17c95978a4e
Spec-Savers,Rivonia,health-wellness,health-medical-urgent,C,True,verified,True,False,clinical partnership,Claim the listing to correct and complete their details.,https://skywalkingzulu1.github.io/sandton-index/spec-savers/,https://skywalkingzulu1.github.io/sandton-index/needs-a-website/?b=417c3924-2049-43a1-8d57-879a401eb185
Supa Quick,Rivonia,automotive,transport-logistics,C,True,estimated,True,False,occupational health,Claim the listing to correct and complete their details.,https://skywalkingzulu1.github.io/sandton-index/supa-quick/,https://skywalkingzulu1.github.io/sandton-index/needs-a-website/?b=21922e31-52d8-4a3b-be92-e6321a36acad
Telkom,Rivonia,tech-it,commercial-industrial-hubs,C,True,verified,False,False,workplace health,Claim the listing to correct and complete their details.,https://skywalkingzulu1.github.io/sandton-index/telkom/,https://skywalkingzulu1.github.io/sandton-index/needs-a-website/?b=c0839f43-83da-47a3-a822-65e3ba8e84c7
PNA,Rivonia,media-printing,commercial-industrial-hubs,C,True,verified,True,False,workplace health,Claim the listing to correct and complete their details.,https://skywalkingzulu1.github.io/sandton-index/pna/,https://skywalkingzulu1.github.io/sandton-index/needs-a-website/?b=8927595e-7cae-4a2d-a53b-43ef166b0b55
Wellness Warehouse,Rivonia,beauty-hair,recreation-lifestyle,C,True,verified,False,False,member health,Claim the listing to correct and complete their details.,https://skywalkingzulu1.github.io/sandton-index/wellness-warehouse/,https://skywalkingzulu1.github.io/sandton-index/needs-a-website/?b=1bf94629-4d74-4352-96e6-61b65eec4d63
nap,Rivonia,home-furniture,home-maintenance-trades,C,True,verified,True,False,,Claim the listing to correct and complete their details.,https://skywalkingzulu1.github.io/sandton-index/nap/,https://skywalkingzulu1.github.io/sandton-index/needs-a-website/?b=aeb42cf2-2718-4564-9f02-d1fd188e3f27
Château Gâteaux,Rivonia,supermarkets,daily-retail-conveniences,C,True,estimated,True,False,worker welfare,Claim the listing to correct and complete their details.,https://skywalkingzulu1.github.io/sandton-index/ch-teau-g-teaux/,https://skywalkingzulu1.github.io/sandton-index/needs-a-website/?b=23668f86-795b-451e-a6e2-b78fa105f3ac
Riverside Liquors,Rivonia,convenience-liquor,daily-retail-conveniences,C,True,estimated,True,False,worker welfare,Claim the listing to correct and complete their details.,https://skywalkingzulu1.github.io/sandton-index/riverside-liquors/,https://skywalkingzulu1.github.io/sandton-index/needs-a-website/?b=9d5c7e65-bac1-471b-9043-5e6de2bba9eb
Mr Price Home,Rivonia,home-furniture,home-maintenance-trades,C,True,estimated,True,False,,Claim the listing to correct and complete their details.,https://skywalkingzulu1.github.io/sandton-index/mr-price-home/,https://skywalkingzulu1.github.io/sandton-index/needs-a-website/?b=d6723df7-347d-4a57-9243-4ff72888d9c4
Juliette,Rivonia,clothing-fashion,daily-retail-conveniences,A,False,estimated,False,False,worker welfare,Claim administrative control of the page already built for them at no cost.,https://skywalkingzulu1.github.io/sandton-index/juliette/,https://skywalkingzulu1.github.io/sandton-index/needs-a-website/?b=64fffca6-71c3-4eaa-80be-3d850d6bdf40
Queenspark,Rivonia,clothing-fashion,daily-retail-conveniences,C,True,verified,False,False,worker welfare,Claim the listing to correct and complete their details.,https://skywalkingzulu1.github.io/sandton-index/queenspark/rivonia-strip-clothing-fashion/,https://skywalkingzulu1.github.io/sandton-index/needs-a-website/?b=e073a86a-1ceb-45be-aacd-fd97819161bc
Sorbet,Rivonia,beauty-hair,recreation-lifestyle,C,True,verified,True,False,member health,Claim the listing to correct and complete their details.,https://skywalkingzulu1.github.io/sandton-index/sorbet/rivonia-strip-beauty-hair/,https://skywalkingzulu1.github.io/sandton-index/needs-a-website/?b=4ceddde6-05b1-469b-94c4-9f21d07a8f20
Boulevard Cellars,Rivonia,convenience-liquor,daily-retail-conveniences,A,False,estimated,False,False,worker welfare,Claim administrative control of the page already built for them at no cost.,https://skywalkingzulu1.github.io/sandton-index/boulevard-cellars/,https://skywalkingzulu1.github.io/sandton-index/needs-a-website/?b=e4c9d115-79b2-4553-aafb-f3b3ddb941ae
Tiger Wheel & Tyre,Rivonia,automotive,transport-logistics,C,True,verified,True,False,occupational health,Claim the listing to correct and complete their details.,https://skywalkingzulu1.github.io/sandton-index/tiger-wheel-tyre/rivonia-strip-automotive/,https://skywalkingzulu1.github.io/sandton-index/needs-a-website/?b=6de464a3-5ea9-4f88-8478-6433c7010928
The Body Shop,Rivonia,beauty-hair,recreation-lifestyle,C,True,verified,True,False,member health,Claim the listing to correct and complete their details.,https://skywalkingzulu1.github.io/sandton-index/body/,https://skywalkingzulu1.github.io/sandton-index/needs-a-website/?b=80b79671-df11-4ad4-be92-29352dcbd38d
Grand Barber Hood,Rivonia,beauty-hair,recreation-lifestyle,C,True,verified,True,False,member health,Claim the listing to correct and complete their details.,https://skywalkingzulu1.github.io/sandton-index/grand-barber-hood/,https://skywalkingzulu1.github.io/sandton-index/needs-a-website/?b=1fb3f49a-c46a-45e5-8b72-2ca69e3247b5
Foto First,Rivonia,media-printing,commercial-industrial-hubs,C,True,verified,True,False,workplace health,Claim the listing to correct and complete their details.,https://skywalkingzulu1.github.io/sandton-index/foto-first/rivonia-strip-media-printing-2/,https://skywalkingzulu1.github.io/sandton-index/needs-a-website/?b=625f19ae-850a-4d31-b97f-eb289f473560
Mantra,Rivonia,clothing-fashion,daily-retail-conveniences,A,False,estimated,False,False,worker welfare,Claim administrative control of the page already built for them at no cost.,https://skywalkingzulu1.github.io/sandton-index/mantra/,https://skywalkingzulu1.github.io/sandton-index/needs-a-website/?b=7180abe9-c855-49e8-9ffd-484f0270caf6
Apothecary,Rivonia,cannabis,daily-retail-conveniences,C,True,verified,True,False,worker welfare,Claim the listing to correct and complete their details.,https://skywalkingzulu1.github.io/sandton-index/apothecary/,https://skywalkingzulu1.github.io/sandton-index/needs-a-website/?b=3e34563e-f252-46d3-b1be-00b78678bcdc
Fit24gyms,Rivonia,fitness-sports,recreation-lifestyle,C,True,verified,False,False,member health,Claim the listing to correct and complete their details.,https://skywalkingzulu1.github.io/sandton-index/fit24gyms/,https://skywalkingzulu1.github.io/sandton-index/needs-a-website/?b=6b4ce701-3175-4ae6-81ed-a6f7e8b3f4db
Bellgrove Guest House Sandton,Rivonia,hotels-accommodation,housing-managed-complexes,A,False,unknown,False,False,resident health,Claim administrative control of the page already built for them at no cost.,https://skywalkingzulu1.github.io/sandton-index/bellgrove-guest-house/,https://skywalkingzulu1.github.io/sandton-index/needs-a-website/?b=1ef1de60-277e-4457-99be-483fc56ea85c
Shisha Buzz,Rivonia,convenience-liquor,daily-retail-conveniences,A,False,estimated,True,False,worker welfare,Claim administrative control of the page already built for them at no cost.,https://skywalkingzulu1.github.io/sandton-index/shisha-buzz/,https://skywalkingzulu1.github.io/sandton-index/needs-a-website/?b=b5cf6f1f-d9d9-4e40-87e3-b8d9be41467b
Riverside Fresh,Rivonia,home-furniture,home-maintenance-trades,A,False,estimated,True,False,,Claim administrative control of the page already built for them at no cost.,https://skywalkingzulu1.github.io/sandton-index/riverside-fresh/,https://skywalkingzulu1.github.io/sandton-index/needs-a-website/?b=553334ed-fac2-4834-b05f-729668604e9e
Country Collage,Rivonia,home-furniture,home-maintenance-trades,A,False,estimated,False,False,,Claim administrative control of the page already built for them at no cost.,https://skywalkingzulu1.github.io/sandton-index/country-collage/,https://skywalkingzulu1.github.io/sandton-index/needs-a-website/?b=60471915-fa54-48e4-ab8b-31c5c85ef0d0
Market Kokoro,Rivonia,supermarkets,daily-retail-conveniences,C,True,verified,True,False,worker welfare,Claim the listing to correct and complete their details.,https://skywalkingzulu1.github.io/sandton-index/kokoro/rivonia-strip-supermarkets/,https://skywalkingzulu1.github.io/sandton-index/needs-a-website/?b=481f36e9-bc28-491b-9a1e-1dfd2e9c0ba7
Minuteman Press,Rivonia,media-printing,commercial-industrial-hubs,C,True,verified,True,False,workplace health,Claim the listing to correct and complete their details.,https://skywalkingzulu1.github.io/sandton-index/minuteman-press/,https://skywalkingzulu1.github.io/sandton-index/needs-a-website/?b=6e1618d2-ee4d-4a50-bff7-77d8fb81174f
Sabai Spa,Rivonia,beauty-hair,recreation-lifestyle,A,False,estimated,True,False,member health,Claim administrative control of the page already built for them at no cost.,https://skywalkingzulu1.github.io/sandton-index/sabai-spa/,https://skywalkingzulu1.github.io/sandton-index/needs-a-website/?b=9d79feab-c7c3-47bd-9033-f5c291df9261
Spaces,Rivonia,offices-coworking,commercial-industrial-hubs,C,True,verified,True,False,workplace health,Claim the listing to correct and complete their details.,https://skywalkingzulu1.github.io/sandton-index/spaces/,https://skywalkingzulu1.github.io/sandton-index/needs-a-website/?b=e28f80e3-1ec0-40b1-914c-0125bbeba8cd
Mr Jeff,Rivonia,services-home,home-maintenance-trades,C,True,verified,True,False,,Claim the listing to correct and complete their details.,https://skywalkingzulu1.github.io/sandton-index/mr-jeff/,https://skywalkingzulu1.github.io/sandton-index/needs-a-website/?b=8f524f94-1ebe-4064-83fd-cea617e2ebc9
Saigon Massage,Rivonia,beauty-hair,recreation-lifestyle,C,True,estimated,True,False,member health,Claim the listing to correct and complete their details.,https://skywalkingzulu1.github.io/sandton-index/saigon-massage/,https://skywalkingzulu1.github.io/sandton-index/needs-a-website/?b=8dc1e987-f793-49a7-865c-7b968aeee4d5
Ghorbany,Rivonia,home-furniture,home-maintenance-trades,C,True,estimated,True,False,,Claim the listing to correct and complete their details.,https://skywalkingzulu1.github.io/sandton-index/ghorbany/,https://skywalkingzulu1.github.io/sandton-index/needs-a-website/?b=ecfd502c-3015-4e50-9511-e1c7b435e8b0
New Little India,Rivonia,supermarkets,daily-retail-conveniences,A,False,verified,True,False,worker welfare,Claim administrative control of the page already built for them at no cost.,https://skywalkingzulu1.github.io/sandton-index/new-little-india/,https://skywalkingzulu1.github.io/sandton-index/needs-a-website/?b=c95d0711-4645-4f6b-8be9-507137ee27f5
Africlassic Rivonia River Lodge,Rivonia,hotels-accommodation,housing-managed-complexes,C,True,unknown,True,False,resident health,Claim the listing to correct and complete their details.,https://skywalkingzulu1.github.io/sandton-index/africlassic-rivonia-river-lodge/,https://skywalkingzulu1.github.io/sandton-index/needs-a-website/?b=e729e429-0fcb-4191-817b-8a11ed4a832d
Young House Barber,Rivonia,beauty-hair,recreation-lifestyle,A,False,estimated,True,False,member health,Claim administrative control of the page already built for them at no cost.,https://skywalkingzulu1.github.io/sandton-index/young-house-barber/,https://skywalkingzulu1.github.io/sandton-index/needs-a-website/?b=36c3e6f2-81b1-4ad5-a9bb-773112ee1da5
Vanquish-Me Luxury Spa,Rivonia,beauty-hair,recreation-lifestyle,A,False,verified,False,False,member health,Claim administrative control of the page already built for them at no cost.,https://skywalkingzulu1.github.io/sandton-index/vanquish-me-luxury-spa/,https://skywalkingzulu1.github.io/sandton-index/needs-a-website/?b=f412323f-faf7-4763-8101-f0d36c9e8f34
Veronica Anderson Jewellery,Rivonia,other,daily-retail-conveniences,C,True,estimated,True,False,worker welfare,Claim the listing to correct and complete their details.,https://skywalkingzulu1.github.io/sandton-index/veronica-anderson-jewellery/,https://skywalkingzulu1.github.io/sandton-index/needs-a-website/?b=0abecde6-fd00-44c0-962d-5681b0fca642
Royal Hair,Rivonia,beauty-hair,recreation-lifestyle,A,False,estimated,False,False,member health,Claim administrative control of the page already built for them at no cost.,https://skywalkingzulu1.github.io/sandton-index/royal-hair/,https://skywalkingzulu1.github.io/sandton-index/needs-a-website/?b=2b279029-f2a4-4111-8a3d-2babc0e048a7
Sorbet Hairbar,Rivonia,beauty-hair,recreation-lifestyle,B,False,verified,False,False,member health,Claim administrative control of the page already built for them at no cost.,https://skywalkingzulu1.github.io/sandton-index/sorbet-hairbar/,https://skywalkingzulu1.github.io/sandton-index/needs-a-website/?b=011d799b-a9c0-4273-8098-8d2bdf03faf6
Gaia Ayurvedic Spa,Rivonia,beauty-hair,recreation-lifestyle,A,False,verified,False,False,member health,Claim administrative control of the page already built for them at no cost.,https://skywalkingzulu1.github.io/sandton-index/gaia-ayurvedic-spa/,https://skywalkingzulu1.github.io/sandton-index/needs-a-website/?b=3a2ffebc-2e6d-4d55-a2e6-f2b6d7541b9f
Graylag & Co,Rivonia,home-furniture,home-maintenance-trades,A,False,estimated,False,False,,Claim administrative control of the page already built for them at no cost.,https://skywalkingzulu1.github.io/sandton-index/graylag/,https://skywalkingzulu1.github.io/sandton-index/needs-a-website/?b=5818635b-dfff-4a23-83d5-5664390ae8f8
Zhong Kee Asian Super Market,Rivonia,supermarkets,daily-retail-conveniences,A,False,estimated,False,False,worker welfare,Claim administrative control of the page already built for them at no cost.,https://skywalkingzulu1.github.io/sandton-index/zhong-kee-asian-super/,https://skywalkingzulu1.github.io/sandton-index/needs-a-website/?b=bd288c04-b649-4888-a20b-37e6f0b27b03
Green Ivy,Rivonia,beauty-hair,recreation-lifestyle,A,False,estimated,False,False,member health,Claim administrative control of the page already built for them at no cost.,https://skywalkingzulu1.github.io/sandton-index/green-ivy/,https://skywalkingzulu1.github.io/sandton-index/needs-a-website/?b=09b50b53-eedb-41eb-9789-190f98111046
Sby Spa,Rivonia,beauty-hair,recreation-lifestyle,A,False,estimated,True,False,member health,Claim administrative control of the page already built for them at no cost.,https://skywalkingzulu1.github.io/sandton-index/sby-spa/,https://skywalkingzulu1.github.io/sandton-index/needs-a-website/?b=634f91b4-7f6f-4674-8c2d-d4e53f772474
Pick n Pay Express,Rivonia,convenience-liquor,daily-retail-conveniences,B,False,verified,True,False,worker welfare,Claim administrative control of the page already built for them at no cost.,https://skywalkingzulu1.github.io/sandton-index/pick-n-pay/rivonia-strip-convenience-liquor/,https://skywalkingzulu1.github.io/sandton-index/needs-a-website/?b=6f61d012-7c72-4394-9583-ba850ce91b5c
Pick n Pay Express,Rivonia,convenience-liquor,daily-retail-conveniences,B,False,verified,True,False,worker welfare,Claim administrative control of the page already built for them at no cost.,https://skywalkingzulu1.github.io/sandton-index/pick-n-pay/rivonia-strip-convenience-liquor-2/,https://skywalkingzulu1.github.io/sandton-index/needs-a-website/?b=90059b4c-9e56-4c70-a6ad-c33570db4783
Market Kokoro,Rivonia,supermarkets,daily-retail-conveniences,C,True,verified,True,False,worker welfare,Claim the listing to correct and complete their details.,https://skywalkingzulu1.github.io/sandton-index/kokoro/rivonia-strip-supermarkets-2/,https://skywalkingzulu1.github.io/sandton-index/needs-a-website/?b=36d43262-5737-4df7-a444-228a1a0540ac
Best Price Supermarket,Rivonia,supermarkets,daily-retail-conveniences,A,False,estimated,False,False,worker welfare,Claim administrative control of the page already built for them at no cost.,https://skywalkingzulu1.github.io/sandton-index/best-price-supermarket/,https://skywalkingzulu1.github.io/sandton-index/needs-a-website/?b=5c6cd6c9-febd-4146-a75d-46b0e4d0640e
Books,Rivonia,media-printing,commercial-industrial-hubs,A,False,estimated,False,False,workplace health,Claim administrative control of the page already built for them at no cost.,https://skywalkingzulu1.github.io/sandton-index/books/,https://skywalkingzulu1.github.io/sandton-index/needs-a-website/?b=8814754f-1faf-4979-8f7b-4d273768c487
Serenity Nails,Rivonia,beauty-hair,recreation-lifestyle,A,False,estimated,False,False,member health,Claim administrative control of the page already built for them at no cost.,https://skywalkingzulu1.github.io/sandton-index/serenity-nails/,https://skywalkingzulu1.github.io/sandton-index/needs-a-website/?b=51d5194c-223e-4d5e-a38a-687e0f113c45
1Fetch,Rivonia,services-home,home-maintenance-trades,C,True,estimated,True,False,,Claim the listing to correct and complete their details.,https://skywalkingzulu1.github.io/sandton-index/1fetch/,https://skywalkingzulu1.github.io/sandton-index/needs-a-website/?b=4d4740ce-1041-4d5f-b237-1168c8c36687
Country Club Johannesburg - Woodmead,Rivonia,fitness-sports,recreation-lifestyle,A,False,estimated,False,False,member health,Claim administrative control of the page already built for them at no cost.,https://skywalkingzulu1.github.io/sandton-index/country-club-woodmead/,https://skywalkingzulu1.github.io/sandton-index/needs-a-website/?b=d8505727-b7c4-49b7-a7f2-d63e519cc425
Rivonia Central,Rivonia,malls-shopping-centres,commercial-industrial-hubs,A,False,estimated,False,False,workplace health,Claim administrative control of the page already built for them at no cost.,https://skywalkingzulu1.github.io/sandton-index/rivonia-central/,https://skywalkingzulu1.github.io/sandton-index/needs-a-website/?b=325ae855-1230-4573-aa88-b221768a23c4
Morning Glen Mall,Rivonia,malls-shopping-centres,commercial-industrial-hubs,C,True,estimated,False,False,workplace health,Claim the listing to correct and complete their details.,https://skywalkingzulu1.github.io/sandton-index/morning-glen-mall/,https://skywalkingzulu1.github.io/sandton-index/needs-a-website/?b=a9ff7447-7d4b-4608-8956-282526649aea
McDonald's,Rivonia,restaurants-takeaways,daily-retail-conveniences,C,True,verified,False,False,worker welfare,Claim the listing to correct and complete their details.,https://skywalkingzulu1.github.io/sandton-index/mcdonald-s/,https://skywalkingzulu1.github.io/sandton-index/needs-a-website/?b=c059e20b-0ccc-423d-8fcf-b6836fd0f168
Road Lodge Rivonia,Rivonia,hotels-accommodation,housing-managed-complexes,A,False,unknown,False,False,resident health,Claim administrative control of the page already built for them at no cost.,https://skywalkingzulu1.github.io/sandton-index/road-lodge-rivonia/,https://skywalkingzulu1.github.io/sandton-index/needs-a-website/?b=441b300d-626d-4441-b3a8-84a52f239c0b
Hotel On Boulevard,Rivonia,hotels-accommodation,housing-managed-complexes,A,False,unknown,False,False,resident health,Claim administrative control of the page already built for them at no cost.,https://skywalkingzulu1.github.io/sandton-index/hotel-on-boulevard/,https://skywalkingzulu1.github.io/sandton-index/needs-a-website/?b=dac8249d-2ea3-424d-a9fc-eb2c05fd2b4c
RIvonia Tyres,Rivonia,automotive,transport-logistics,A,False,estimated,False,False,occupational health,Claim administrative control of the page already built for them at no cost.,https://skywalkingzulu1.github.io/sandton-index/rivonia-tyres/,https://skywalkingzulu1.github.io/sandton-index/needs-a-website/?b=7030b413-4625-4d43-80bb-749706d49cd8
Sasol Convenience Shop,Rivonia,convenience-liquor,daily-retail-conveniences,B,False,estimated,False,False,worker welfare,Claim administrative control of the page already built for them at no cost.,https://skywalkingzulu1.github.io/sandton-index/sasol-convenience/,https://skywalkingzulu1.github.io/sandton-index/needs-a-website/?b=2307b4c3-fc28-476c-b856-474df1c31ac6
Pick n Pay Express,Rivonia,convenience-liquor,daily-retail-conveniences,B,False,verified,True,False,worker welfare,Claim administrative control of the page already built for them at no cost.,https://skywalkingzulu1.github.io/sandton-index/pick-n-pay/rivonia-strip-convenience-liquor-3/,https://skywalkingzulu1.github.io/sandton-index/needs-a-website/?b=1b970f6c-9171-4eff-8a56-0f3083cb1dbe
Builders Express,Rivonia,doityourself-hardware,home-maintenance-trades,C,True,verified,True,False,,Claim the listing to correct and complete their details.,https://skywalkingzulu1.github.io/sandton-index/builders/rivonia-strip-doityourself-hardware/,https://skywalkingzulu1.github.io/sandton-index/needs-a-website/?b=827b708c-465b-4b29-a203-4b30f8e5b835
units 15 and 16 Louise Terrace,Rivonia,offices-coworking,commercial-industrial-hubs,C,True,estimated,False,False,workplace health,Claim the listing to correct and complete their details.,https://skywalkingzulu1.github.io/sandton-index/units-15-16-louise-terrace/,https://skywalkingzulu1.github.io/sandton-index/needs-a-website/?b=50f2fba3-03d9-4879-a80d-de40f0d63e79
Rivonia Village Hall,Rivonia,offices-coworking,commercial-industrial-hubs,A,False,estimated,False,False,workplace health,Claim administrative control of the page already built for them at no cost.,https://skywalkingzulu1.github.io/sandton-index/rivonia-village-hall/,https://skywalkingzulu1.github.io/sandton-index/needs-a-website/?b=3b518f06-b356-4115-8444-dab80af6d7fc
EVRA Consulting,Rivonia,offices-coworking,commercial-industrial-hubs,A,False,estimated,False,False,workplace health,Claim administrative control of the page already built for them at no cost.,https://skywalkingzulu1.github.io/sandton-index/evra-consulting/,https://skywalkingzulu1.github.io/sandton-index/needs-a-website/?b=76ee2bf3-7176-4874-a957-b17515cf23b8
GCS (pty) ltd.,Rivonia,professional-services,commercial-industrial-hubs,A,False,estimated,False,False,workplace health,Claim administrative control of the page already built for them at no cost.,https://skywalkingzulu1.github.io/sandton-index/gcs/,https://skywalkingzulu1.github.io/sandton-index/needs-a-website/?b=9c80ba86-a3c7-460a-8f98-a99294237beb
Mutual Mews,Rivonia,malls-shopping-centres,commercial-industrial-hubs,A,False,estimated,False,False,workplace health,Claim administrative control of the page already built for them at no cost.,https://skywalkingzulu1.github.io/sandton-index/mutual-mews/,https://skywalkingzulu1.github.io/sandton-index/needs-a-website/?b=c8a15b9d-bb79-4019-8d86-8fbbff412efd
Business Centre Rivonia,Rivonia,offices-coworking,commercial-industrial-hubs,A,False,estimated,False,False,workplace health,Claim administrative control of the page already built for them at no cost.,https://skywalkingzulu1.github.io/sandton-index/business-rivonia/,https://skywalkingzulu1.github.io/sandton-index/needs-a-website/?b=c26da819-dfd2-476a-83c7-ce3cff836264
Danmar,Marlboro Park & Wynberg,automotive,transport-logistics,A,False,estimated,False,False,occupational health,Claim administrative control of the page already built for them at no cost.,https://skywalkingzulu1.github.io/sandton-index/danmar/,https://skywalkingzulu1.github.io/sandton-index/needs-a-website/?b=61455e3c-0266-40ed-8342-681a9110b0ab
Spar,Marlboro Park & Wynberg,supermarkets,daily-retail-conveniences,B,False,estimated,False,False,worker welfare,Claim administrative control of the page already built for them at no cost.,https://skywalkingzulu1.github.io/sandton-index/spar/marlboro-wynberg-supermarkets/,https://skywalkingzulu1.github.io/sandton-index/needs-a-website/?b=0d7eb4e5-230f-472e-b5aa-5ce720c8b4d0
Shoprite,Marlboro Park & Wynberg,supermarkets,daily-retail-conveniences,C,True,verified,True,False,worker welfare,Claim the listing to correct and complete their details.,https://skywalkingzulu1.github.io/sandton-index/shoprite/,https://skywalkingzulu1.github.io/sandton-index/needs-a-website/?b=86e29435-0a00-467f-98c9-927dd5937bbc
Pick n Pay,Marlboro Park & Wynberg,supermarkets,daily-retail-conveniences,B,False,verified,False,False,worker welfare,Claim administrative control of the page already built for them at no cost.,https://skywalkingzulu1.github.io/sandton-index/pick-n-pay/marlboro-wynberg-supermarkets/,https://skywalkingzulu1.github.io/sandton-index/needs-a-website/?b=3861a611-82fd-4c96-8ef1-5a962f423f75
Chipile Foods,Marlboro Park & Wynberg,convenience-liquor,daily-retail-conveniences,A,False,estimated,False,False,worker welfare,Claim administrative control of the page already built for them at no cost.,https://skywalkingzulu1.github.io/sandton-index/chipile-foods/,https://skywalkingzulu1.github.io/sandton-index/needs-a-website/?b=28d9348f-05fc-45be-b796-3915bd57e4f1
Ashwood Autosprint,Marlboro Park & Wynberg,automotive,transport-logistics,A,False,estimated,False,False,occupational health,Claim administrative control of the page already built for them at no cost.,https://skywalkingzulu1.github.io/sandton-index/ashwood-autosprint/,https://skywalkingzulu1.github.io/sandton-index/needs-a-website/?b=ebbcb052-6630-4cbc-a4af-9fd5321b1eac
Strathavon Bed and Breakfast,Marlboro Park & Wynberg,hotels-accommodation,housing-managed-complexes,A,False,unknown,True,False,resident health,Claim administrative control of the page already built for them at no cost.,https://skywalkingzulu1.github.io/sandton-index/strathavon-bed-breakfast/,https://skywalkingzulu1.github.io/sandton-index/needs-a-website/?b=bf948454-0cd1-4bf3-a68b-dc11f9042b6b
DEKRA,Marlboro Park & Wynberg,automotive,transport-logistics,A,False,estimated,False,False,occupational health,Claim administrative control of the page already built for them at no cost.,https://skywalkingzulu1.github.io/sandton-index/dekra/,https://skywalkingzulu1.github.io/sandton-index/needs-a-website/?b=e2672f63-a58c-4aee-a1ed-6381daff2e9b
IBTC - Johannrsburg,Marlboro Park & Wynberg,education-training,education-family,C,True,verified,True,False,family health,Claim the listing to correct and complete their details.,https://skywalkingzulu1.github.io/sandton-index/ibtc-johannrsburg/,https://skywalkingzulu1.github.io/sandton-index/needs-a-website/?b=268ffaaf-7955-4a5d-aaa8-5baeee145afe
Akhona Furnishers,Marlboro Park & Wynberg,home-furniture,home-maintenance-trades,A,False,estimated,False,False,,Claim administrative control of the page already built for them at no cost.,https://skywalkingzulu1.github.io/sandton-index/akhona-furnishers/,https://skywalkingzulu1.github.io/sandton-index/needs-a-website/?b=3ae25a9d-8075-48da-b13e-59fb68dc1cfd
Alex Fresh Meat Butchery,Marlboro Park & Wynberg,supermarkets,daily-retail-conveniences,A,False,estimated,False,False,worker welfare,Claim administrative control of the page already built for them at no cost.,https://skywalkingzulu1.github.io/sandton-index/alex-fresh-meat-butchery/,https://skywalkingzulu1.github.io/sandton-index/needs-a-website/?b=818c8972-8230-4709-b1bb-01aeb29f5e0f
Spar,Marlboro Park & Wynberg,supermarkets,daily-retail-conveniences,B,False,estimated,False,False,worker welfare,Claim administrative control of the page already built for them at no cost.,https://skywalkingzulu1.github.io/sandton-index/spar/marlboro-wynberg-supermarkets-2/,https://skywalkingzulu1.github.io/sandton-index/needs-a-website/?b=15c1daf8-2aa7-4b09-8158-fca672cafcff
Audi,Marlboro Park & Wynberg,automotive,transport-logistics,B,False,estimated,False,False,occupational health,Claim administrative control of the page already built for them at no cost.,https://skywalkingzulu1.github.io/sandton-index/audi/marlboro-wynberg-automotive/,https://skywalkingzulu1.github.io/sandton-index/needs-a-website/?b=588f817b-fdad-4613-abc0-9b1656c6b70a
Marlboro Mini Mart,Marlboro Park & Wynberg,convenience-liquor,daily-retail-conveniences,A,False,estimated,False,False,worker welfare,Claim administrative control of the page already built for them at no cost.,https://skywalkingzulu1.github.io/sandton-index/marlboro-mini-mart/,https://skywalkingzulu1.github.io/sandton-index/needs-a-website/?b=445c6c2c-d476-4e79-b176-b4660630e602
Logicalis,Marlboro Park & Wynberg,offices-coworking,commercial-industrial-hubs,A,False,estimated,False,False,workplace health,Claim administrative control of the page already built for them at no cost.,https://skywalkingzulu1.github.io/sandton-index/logicalis/,https://skywalkingzulu1.github.io/sandton-index/needs-a-website/?b=dee4230f-97ff-4aa0-a230-6ea3838d7c99
Avida,Marlboro Park & Wynberg,offices-coworking,commercial-industrial-hubs,A,False,estimated,False,False,workplace health,Claim administrative control of the page already built for them at no cost.,https://skywalkingzulu1.github.io/sandton-index/avida/,https://skywalkingzulu1.github.io/sandton-index/needs-a-website/?b=452d0137-8d7f-471e-b179-f3390630aeaf
Cashbuild,Marlboro Park & Wynberg,doityourself-hardware,home-maintenance-trades,B,False,estimated,False,False,,Claim administrative control of the page already built for them at no cost.,https://skywalkingzulu1.github.io/sandton-index/cashbuild/,https://skywalkingzulu1.github.io/sandton-index/needs-a-website/?b=bee3f7e7-a129-4616-960e-c6935a2d1f65
Boxer,Marlboro Park & Wynberg,supermarkets,daily-retail-conveniences,B,False,estimated,True,False,worker welfare,Claim administrative control of the page already built for them at no cost.,https://skywalkingzulu1.github.io/sandton-index/boxer/marlboro-wynberg-supermarkets/,https://skywalkingzulu1.github.io/sandton-index/needs-a-website/?b=8ecb5a77-1593-43b6-9580-abf59a791e7d
Watloo,Marlboro Park & Wynberg,supermarkets,daily-retail-conveniences,A,False,estimated,False,False,worker welfare,Claim administrative control of the page already built for them at no cost.,https://skywalkingzulu1.github.io/sandton-index/watloo/,https://skywalkingzulu1.github.io/sandton-index/needs-a-website/?b=88c7a366-97ee-4de6-bd47-685068db8ac8
Freedom Supermarket,Marlboro Park & Wynberg,supermarkets,daily-retail-conveniences,A,False,estimated,False,False,worker welfare,Claim administrative control of the page already built for them at no cost.,https://skywalkingzulu1.github.io/sandton-index/freedom-supermarket/,https://skywalkingzulu1.github.io/sandton-index/needs-a-website/?b=7aa3f06f-d64e-4dc9-94d9-8da12d078c41
Alexandra Customer Service Centre,Marlboro Park & Wynberg,offices-coworking,commercial-industrial-hubs,A,False,estimated,False,False,workplace health,Claim administrative control of the page already built for them at no cost.,https://skywalkingzulu1.github.io/sandton-index/alexandra-customer/,https://skywalkingzulu1.github.io/sandton-index/needs-a-website/?b=494206e8-cf01-441f-a9cb-a944782b3535
Boxer,Marlboro Park & Wynberg,supermarkets,daily-retail-conveniences,B,False,estimated,False,False,worker welfare,Claim administrative control of the page already built for them at no cost.,https://skywalkingzulu1.github.io/sandton-index/boxer/marlboro-wynberg-supermarkets-2/,https://skywalkingzulu1.github.io/sandton-index/needs-a-website/?b=f79c162d-c313-4071-a9db-71c509932361
Roo,Marlboro Park & Wynberg,supermarkets,daily-retail-conveniences,A,False,estimated,False,False,worker welfare,Claim administrative control of the page already built for them at no cost.,https://skywalkingzulu1.github.io/sandton-index/roo/,https://skywalkingzulu1.github.io/sandton-index/needs-a-website/?b=ba10075f-a034-4c01-a382-40f403428d24
Nizam's Supermarket,Marlboro Park & Wynberg,supermarkets,daily-retail-conveniences,A,False,estimated,False,False,worker welfare,Claim administrative control of the page already built for them at no cost.,https://skywalkingzulu1.github.io/sandton-index/nizam-s-supermarket/,https://skywalkingzulu1.github.io/sandton-index/needs-a-website/?b=6832852e-dd91-422b-8158-848fec4a5de1
Express Fitness,Marlboro Park & Wynberg,fitness-sports,recreation-lifestyle,C,True,verified,True,False,member health,Claim the listing to correct and complete their details.,https://skywalkingzulu1.github.io/sandton-index/fitness/,https://skywalkingzulu1.github.io/sandton-index/needs-a-website/?b=4f93daec-b171-4f0e-8d84-e30f7d488b90
Auto Bonn,Marlboro Park & Wynberg,automotive,transport-logistics,A,False,verified,False,False,occupational health,Claim administrative control of the page already built for them at no cost.,https://skywalkingzulu1.github.io/sandton-index/auto-bonn/,https://skywalkingzulu1.github.io/sandton-index/needs-a-website/?b=ea30cba7-bbb9-4a2a-bd24-7661f1e87c76
Shell,Marlboro Park & Wynberg,other,transport-logistics,C,True,estimated,True,False,occupational health,Claim the listing to correct and complete their details.,https://skywalkingzulu1.github.io/sandton-index/shell/marlboro-wynberg-other/,https://skywalkingzulu1.github.io/sandton-index/needs-a-website/?b=92e3160e-1eb9-44fd-b34e-e45a029450c0
Shell,Marlboro Park & Wynberg,other,transport-logistics,C,True,estimated,True,False,occupational health,Claim the listing to correct and complete their details.,https://skywalkingzulu1.github.io/sandton-index/shell/marlboro-wynberg-other-2/,https://skywalkingzulu1.github.io/sandton-index/needs-a-website/?b=c92d8b15-6dd0-404e-a667-842d4006d84b
Shell Select,Marlboro Park & Wynberg,convenience-liquor,daily-retail-conveniences,C,True,estimated,False,False,worker welfare,Claim the listing to correct and complete their details.,https://skywalkingzulu1.github.io/sandton-index/shell/marlboro-wynberg-convenience-liquor/,https://skywalkingzulu1.github.io/sandton-index/needs-a-website/?b=83423182-e8e4-41df-9582-e3d53e370105
Shell Select,Marlboro Park & Wynberg,convenience-liquor,daily-retail-conveniences,C,True,estimated,False,False,worker welfare,Claim the listing to correct and complete their details.,https://skywalkingzulu1.github.io/sandton-index/shell/marlboro-wynberg-convenience-liquor-2/,https://skywalkingzulu1.github.io/sandton-index/needs-a-website/?b=9c1e7467-e955-461e-a6fa-3e7e9a0a8935
Mello Makes,Marlboro Park & Wynberg,supermarkets,daily-retail-conveniences,A,False,estimated,False,False,worker welfare,Claim administrative control of the page already built for them at no cost.,https://skywalkingzulu1.github.io/sandton-index/mello-makes/,https://skywalkingzulu1.github.io/sandton-index/needs-a-website/?b=af34683f-c640-4a03-9ead-1eabb37f9b01
Volpes,Marlboro Park & Wynberg,home-furniture,home-maintenance-trades,A,False,estimated,False,False,,Claim administrative control of the page already built for them at no cost.,https://skywalkingzulu1.github.io/sandton-index/volpes/,https://skywalkingzulu1.github.io/sandton-index/needs-a-website/?b=4613bb32-5691-4416-90d2-32deb403cdc8
Incanda,Marlboro Park & Wynberg,home-furniture,home-maintenance-trades,A,False,verified,True,False,,Claim administrative control of the page already built for them at no cost.,https://skywalkingzulu1.github.io/sandton-index/incanda/,https://skywalkingzulu1.github.io/sandton-index/needs-a-website/?b=1cadeba0-db95-40f8-a35f-48fa1ba98433
Alexandra Plaza,Marlboro Park & Wynberg,malls-shopping-centres,commercial-industrial-hubs,A,False,estimated,True,False,workplace health,Claim administrative control of the page already built for them at no cost.,https://skywalkingzulu1.github.io/sandton-index/alexandra-plaza/,https://skywalkingzulu1.github.io/sandton-index/needs-a-website/?b=ac32c7d2-d0ea-41e3-8af7-e5c4b1631d0a
Pan Africa Shopping Centre,Marlboro Park & Wynberg,malls-shopping-centres,commercial-industrial-hubs,C,True,estimated,True,False,workplace health,Claim the listing to correct and complete their details.,https://skywalkingzulu1.github.io/sandton-index/pan-africa-shopping/,https://skywalkingzulu1.github.io/sandton-index/needs-a-website/?b=4b3532a5-0e3d-44ab-96fc-73c2669d7c52
Ecomotel Grayston,Marlboro Park & Wynberg,hotels-accommodation,housing-managed-complexes,C,True,unknown,False,False,resident health,Claim the listing to correct and complete their details.,https://skywalkingzulu1.github.io/sandton-index/ecomotel-grayston/,https://skywalkingzulu1.github.io/sandton-index/needs-a-website/?b=f55f931c-f51a-41a3-860c-ffa2221d54d9
"Block F, Pinmill Farm",Marlboro Park & Wynberg,offices-coworking,commercial-industrial-hubs,A,False,estimated,False,False,workplace health,Claim administrative control of the page already built for them at no cost.,https://skywalkingzulu1.github.io/sandton-index/block-f-pinmill-farm/,https://skywalkingzulu1.github.io/sandton-index/needs-a-website/?b=a78ab1d7-1417-40cd-a270-7b41ae00aac7
Car World,Marlboro Park & Wynberg,offices-coworking,commercial-industrial-hubs,A,False,estimated,False,False,workplace health,Claim administrative control of the page already built for them at no cost.,https://skywalkingzulu1.github.io/sandton-index/car-world/,https://skywalkingzulu1.github.io/sandton-index/needs-a-website/?b=e52887cb-a1cc-44fa-bb51-d65cf1e691cb
Vortex Recycling,Marlboro Park & Wynberg,offices-coworking,commercial-industrial-hubs,A,False,estimated,False,False,workplace health,Claim administrative control of the page already built for them at no cost.,https://skywalkingzulu1.github.io/sandton-index/vortex-recycling/,https://skywalkingzulu1.github.io/sandton-index/needs-a-website/?b=c89fde0b-8e7b-4960-bfdd-865f7825df5e
Fruitspot,Marlboro Park & Wynberg,supermarkets,daily-retail-conveniences,C,True,estimated,True,False,worker welfare,Claim the listing to correct and complete their details.,https://skywalkingzulu1.github.io/sandton-index/fruitspot/,https://skywalkingzulu1.github.io/sandton-index/needs-a-website/?b=4e5e9fc5-5a9f-4812-b5ac-3bc4df8a5ba7
PPC,Marlboro Park & Wynberg,doityourself-hardware,home-maintenance-trades,C,True,estimated,True,False,,Claim the listing to correct and complete their details.,https://skywalkingzulu1.github.io/sandton-index/ppc/,https://skywalkingzulu1.github.io/sandton-index/needs-a-website/?b=0fa8a7ee-8376-4f7a-a258-27fd2507689f
WBHO,Marlboro Park & Wynberg,offices-coworking,commercial-industrial-hubs,A,False,estimated,False,False,workplace health,Claim administrative control of the page already built for them at no cost.,https://skywalkingzulu1.github.io/sandton-index/wbho/,https://skywalkingzulu1.github.io/sandton-index/needs-a-website/?b=a447353e-cfaa-4899-be29-becbcba4b166
XtraSpace,Marlboro Park & Wynberg,services-home,home-maintenance-trades,A,False,estimated,False,False,,Claim administrative control of the page already built for them at no cost.,https://skywalkingzulu1.github.io/sandton-index/xtraspace/,https://skywalkingzulu1.github.io/sandton-index/needs-a-website/?b=65e6a1d0-73b8-4b3b-a905-9ed97d8d0ba4
Renew-It Sandton,Marlboro Park & Wynberg,automotive,transport-logistics,A,False,estimated,False,False,occupational health,Claim administrative control of the page already built for them at no cost.,https://skywalkingzulu1.github.io/sandton-index/renew-it/,https://skywalkingzulu1.github.io/sandton-index/needs-a-website/?b=2a2d0189-0859-4665-8730-4a1262ce733e
Ithuba National Lottery,Marlboro Park & Wynberg,convenience-liquor,daily-retail-conveniences,C,True,estimated,False,False,worker welfare,Claim the listing to correct and complete their details.,https://skywalkingzulu1.github.io/sandton-index/ithuba-national-lottery/,https://skywalkingzulu1.github.io/sandton-index/needs-a-website/?b=c8cf7975-8935-40ab-af2d-a692bfab2257
Pick n Pay,Illovo,supermarkets,daily-retail-conveniences,B,False,verified,False,False,worker welfare,Claim administrative control of the page already built for them at no cost.,https://skywalkingzulu1.github.io/sandton-index/pick-n-pay/illovo-supermarkets/,https://skywalkingzulu1.github.io/sandton-index/needs-a-website/?b=7f0181a9-4ebc-4d0e-95a8-45a70dd772af
Melrose Place Guest Lodge,Illovo,hotels-accommodation,housing-managed-complexes,A,False,unknown,False,False,resident health,Claim administrative control of the page already built for them at no cost.,https://skywalkingzulu1.github.io/sandton-index/melrose-place-guest-lodge/,https://skywalkingzulu1.github.io/sandton-index/needs-a-website/?b=ce58f9de-140d-4850-b9c9-caeaf823b252
Poetry,Illovo,clothing-fashion,daily-retail-conveniences,A,False,estimated,False,False,worker welfare,Claim administrative control of the page already built for them at no cost.,https://skywalkingzulu1.github.io/sandton-index/poetry/,https://skywalkingzulu1.github.io/sandton-index/needs-a-website/?b=5a2de13f-7161-453d-9e58-e3f686b9804c
riga,Illovo,clothing-fashion,daily-retail-conveniences,A,False,estimated,False,False,worker welfare,Claim administrative control of the page already built for them at no cost.,https://skywalkingzulu1.github.io/sandton-index/riga/,https://skywalkingzulu1.github.io/sandton-index/needs-a-website/?b=2123505a-c6e3-4e13-aed8-e5ede871f96f
CNA,Illovo,media-printing,commercial-industrial-hubs,B,False,estimated,False,False,workplace health,Claim administrative control of the page already built for them at no cost.,https://skywalkingzulu1.github.io/sandton-index/cna/illovo-media-printing/,https://skywalkingzulu1.github.io/sandton-index/needs-a-website/?b=fca95fbb-15da-4b9d-859e-e5ff26bf81a4
Cape Union Mart,Illovo,clothing-fashion,daily-retail-conveniences,A,False,estimated,False,False,worker welfare,Claim administrative control of the page already built for them at no cost.,https://skywalkingzulu1.github.io/sandton-index/cape-union-mart/illovo-clothing-fashion/,https://skywalkingzulu1.github.io/sandton-index/needs-a-website/?b=091d9061-d3e7-4bfc-828e-7df8fdff534e
Bella Luna,Illovo,other,daily-retail-conveniences,A,False,estimated,False,False,worker welfare,Claim administrative control of the page already built for them at no cost.,https://skywalkingzulu1.github.io/sandton-index/bella-luna/,https://skywalkingzulu1.github.io/sandton-index/needs-a-website/?b=eb49a5a1-9eff-4be3-a40d-6000d26a2b53
Women's secret,Illovo,clothing-fashion,daily-retail-conveniences,A,False,estimated,False,False,worker welfare,Claim administrative control of the page already built for them at no cost.,https://skywalkingzulu1.github.io/sandton-index/women-s-secret/,https://skywalkingzulu1.github.io/sandton-index/needs-a-website/?b=97eb2787-e0cb-41a3-9063-1d981472adbd
Jacadi,Illovo,clothing-fashion,daily-retail-conveniences,A,False,estimated,False,False,worker welfare,Claim administrative control of the page already built for them at no cost.,https://skywalkingzulu1.github.io/sandton-index/jacadi/,https://skywalkingzulu1.github.io/sandton-index/needs-a-website/?b=558927cc-faac-4be9-bac6-d7122efc943c
noo shoos,Illovo,clothing-fashion,daily-retail-conveniences,A,False,estimated,False,False,worker welfare,Claim administrative control of the page already built for them at no cost.,https://skywalkingzulu1.github.io/sandton-index/noo-shoos/,https://skywalkingzulu1.github.io/sandton-index/needs-a-website/?b=c1b4e868-92a2-4d4d-b1e6-fe2aa4a028ce
That's It,Illovo,clothing-fashion,daily-retail-conveniences,A,False,estimated,False,False,worker welfare,Claim administrative control of the page already built for them at no cost.,https://skywalkingzulu1.github.io/sandton-index/that-s-it/,https://skywalkingzulu1.github.io/sandton-index/needs-a-website/?b=5b34a31b-09e4-46d0-ba3f-00b45ddcc2bc
Pillow Talk,Illovo,home-furniture,home-maintenance-trades,A,False,estimated,False,False,,Claim administrative control of the page already built for them at no cost.,https://skywalkingzulu1.github.io/sandton-index/pillow-talk/,https://skywalkingzulu1.github.io/sandton-index/needs-a-website/?b=332445d6-ba38-4f5d-835e-1bb7d0fdd42e
The Wish Collection,Illovo,clothing-fashion,daily-retail-conveniences,A,False,estimated,False,False,worker welfare,Claim administrative control of the page already built for them at no cost.,https://skywalkingzulu1.github.io/sandton-index/wish-collection/illovo-clothing-fashion/,https://skywalkingzulu1.github.io/sandton-index/needs-a-website/?b=09f68f20-333b-4d09-90bd-fad19cee9a66
Mavungeng,Illovo,fitness-sports,recreation-lifestyle,A,False,estimated,False,False,member health,Claim administrative control of the page already built for them at no cost.,https://skywalkingzulu1.github.io/sandton-index/mavungeng/,https://skywalkingzulu1.github.io/sandton-index/needs-a-website/?b=d159a401-4c01-49b6-8d43-76c47f7bb22c
Car Service City,Illovo,automotive,transport-logistics,A,False,verified,False,False,occupational health,Claim administrative control of the page already built for them at no cost.,https://skywalkingzulu1.github.io/sandton-index/car-city/illovo-automotive/,https://skywalkingzulu1.github.io/sandton-index/needs-a-website/?b=32127b4d-7016-468c-aae1-4a27023fc90a
Pin Acurl,Illovo,beauty-hair,recreation-lifestyle,A,False,estimated,False,False,member health,Claim administrative control of the page already built for them at no cost.,https://skywalkingzulu1.github.io/sandton-index/pin-acurl/,https://skywalkingzulu1.github.io/sandton-index/needs-a-website/?b=62e91f9f-7da9-4171-ab02-d1be7cf4071b
Wonderers,Illovo,convenience-liquor,daily-retail-conveniences,A,False,estimated,False,False,worker welfare,Claim administrative control of the page already built for them at no cost.,https://skywalkingzulu1.github.io/sandton-index/wonderers/,https://skywalkingzulu1.github.io/sandton-index/needs-a-website/?b=9795585f-fcf3-4909-aed3-483ea25ce570
Madam Butterfly,Illovo,beauty-hair,recreation-lifestyle,A,False,estimated,False,False,member health,Claim administrative control of the page already built for them at no cost.,https://skywalkingzulu1.github.io/sandton-index/madam-butterfly/,https://skywalkingzulu1.github.io/sandton-index/needs-a-website/?b=fcffa7ff-da92-4d19-a8dc-52b65fb75773
Imageworld,Illovo,media-printing,commercial-industrial-hubs,A,False,estimated,False,False,workplace health,Claim administrative control of the page already built for them at no cost.,https://skywalkingzulu1.github.io/sandton-index/imageworld/,https://skywalkingzulu1.github.io/sandton-index/needs-a-website/?b=fbac7e73-11d9-4e60-9dd5-9b5fda34649f
Exclusive Books,Illovo,media-printing,commercial-industrial-hubs,C,True,estimated,False,False,workplace health,Claim the listing to correct and complete their details.,https://skywalkingzulu1.github.io/sandton-index/exclusive-books/illovo-media-printing/,https://skywalkingzulu1.github.io/sandton-index/needs-a-website/?b=5fde5da1-e023-43b8-a250-70b679263b1c
Clicks,Illovo,health-wellness,health-medical-urgent,B,False,verified,False,False,clinical partnership,Claim administrative control of the page already built for them at no cost.,https://skywalkingzulu1.github.io/sandton-index/clicks/illovo-health-wellness/,https://skywalkingzulu1.github.io/sandton-index/needs-a-website/?b=7aab22dc-958a-482e-8815-11a771af7362
Party City,Illovo,clothing-fashion,daily-retail-conveniences,A,False,estimated,False,False,worker welfare,Claim administrative control of the page already built for them at no cost.,https://skywalkingzulu1.github.io/sandton-index/party-city/,https://skywalkingzulu1.github.io/sandton-index/needs-a-website/?b=a337300d-940c-45e6-b19a-efa3cb84b3b3
Jetline,Illovo,media-printing,commercial-industrial-hubs,A,False,verified,False,False,workplace health,Claim administrative control of the page already built for them at no cost.,https://skywalkingzulu1.github.io/sandton-index/jetline/illovo-media-printing/,https://skywalkingzulu1.github.io/sandton-index/needs-a-website/?b=ede1797f-9f10-4798-b5b2-6f78fd89ab51
M Squared,Illovo,supermarkets,daily-retail-conveniences,A,False,estimated,False,False,worker welfare,Claim administrative control of the page already built for them at no cost.,https://skywalkingzulu1.github.io/sandton-index/m-squared/,https://skywalkingzulu1.github.io/sandton-index/needs-a-website/?b=aad0ddc4-3f24-4d99-8932-ad48ab0e16a6
The Wish Collection,Illovo,supermarkets,daily-retail-conveniences,A,False,estimated,False,False,worker welfare,Claim administrative control of the page already built for them at no cost.,https://skywalkingzulu1.github.io/sandton-index/wish-collection/illovo-supermarkets/,https://skywalkingzulu1.github.io/sandton-index/needs-a-website/?b=4b6ad03a-98bc-4903-8331-32ae76c6e445
CAE Mining Africa,Illovo,offices-coworking,commercial-industrial-hubs,A,False,estimated,False,False,workplace health,Claim administrative control of the page already built for them at no cost.,https://skywalkingzulu1.github.io/sandton-index/cae-mining-africa/,https://skywalkingzulu1.github.io/sandton-index/needs-a-website/?b=d74edb56-3eab-4b4f-b4a2-e64f22980906
e News Channel Africa,Illovo,offices-coworking,commercial-industrial-hubs,C,True,estimated,True,False,workplace health,Claim the listing to correct and complete their details.,https://skywalkingzulu1.github.io/sandton-index/e-news-channel-africa/,https://skywalkingzulu1.github.io/sandton-index/needs-a-website/?b=7321d641-b2dc-4e61-baa0-9e0960e8a800
British Council,Illovo,offices-coworking,commercial-industrial-hubs,A,False,estimated,False,False,workplace health,Claim administrative control of the page already built for them at no cost.,https://skywalkingzulu1.github.io/sandton-index/british-council/,https://skywalkingzulu1.github.io/sandton-index/needs-a-website/?b=4052a163-01bc-4d1e-b136-72822a5da719
Backpackers Ritz,Illovo,hotels-accommodation,housing-managed-complexes,A,False,unknown,False,False,resident health,Claim administrative control of the page already built for them at no cost.,https://skywalkingzulu1.github.io/sandton-index/backpackers-ritz/,https://skywalkingzulu1.github.io/sandton-index/needs-a-website/?b=9d74265d-c0f7-45cd-a96b-b853d44fe1b2
Builders Express,Illovo,doityourself-hardware,home-maintenance-trades,C,True,verified,True,False,,Claim the listing to correct and complete their details.,https://skywalkingzulu1.github.io/sandton-index/builders/illovo-doityourself-hardware/,https://skywalkingzulu1.github.io/sandton-index/needs-a-website/?b=efadc475-c742-4814-ac51-76762806d592
Stax,Illovo,supermarkets,daily-retail-conveniences,A,False,estimated,False,False,worker welfare,Claim administrative control of the page already built for them at no cost.,https://skywalkingzulu1.github.io/sandton-index/stax/,https://skywalkingzulu1.github.io/sandton-index/needs-a-website/?b=85be1e62-e4d8-45d1-913f-59e729b0682b
Universal Living,Illovo,other,daily-retail-conveniences,A,False,estimated,False,False,worker welfare,Claim administrative control of the page already built for them at no cost.,https://skywalkingzulu1.github.io/sandton-index/universal-living/illovo-other/,https://skywalkingzulu1.github.io/sandton-index/needs-a-website/?b=9b5761dd-9825-4da4-a758-4585ac9623f2
UDM,Illovo,other,daily-retail-conveniences,A,False,estimated,False,False,worker welfare,Claim administrative control of the page already built for them at no cost.,https://skywalkingzulu1.github.io/sandton-index/udm/illovo-other/,https://skywalkingzulu1.github.io/sandton-index/needs-a-website/?b=149c28f5-2071-4553-9c0b-3c9d33cb417b
R&M Meats,Illovo,supermarkets,daily-retail-conveniences,A,False,verified,True,False,worker welfare,Claim administrative control of the page already built for them at no cost.,https://skywalkingzulu1.github.io/sandton-index/r-m-meats/,https://skywalkingzulu1.github.io/sandton-index/needs-a-website/?b=ac2a58fa-d6eb-408a-894e-5c26a5842269
Dunkeld Cycles,Illovo,automotive,transport-logistics,A,False,verified,False,False,occupational health,Claim administrative control of the page already built for them at no cost.,https://skywalkingzulu1.github.io/sandton-index/dunkeld-cycles/,https://skywalkingzulu1.github.io/sandton-index/needs-a-website/?b=1a0064ab-ad52-4faf-a893-a7d9ff874603
Accsys,Illovo,other,daily-retail-conveniences,C,True,estimated,True,False,worker welfare,Claim the listing to correct and complete their details.,https://skywalkingzulu1.github.io/sandton-index/accsys/,https://skywalkingzulu1.github.io/sandton-index/needs-a-website/?b=43860d10-b7df-4cba-ac47-63f4d6a49068
Vape Crazy Regus,Illovo,supermarkets,daily-retail-conveniences,A,False,estimated,False,False,worker welfare,Claim administrative control of the page already built for them at no cost.,https://skywalkingzulu1.github.io/sandton-index/vape-crazy-regus/,https://skywalkingzulu1.github.io/sandton-index/needs-a-website/?b=8ebf221d-cd10-48a8-8904-d1b69737c79e
Southern Sun Hyde Park Sandton,Illovo,hotels-accommodation,housing-managed-complexes,C,True,unknown,True,False,resident health,Claim the listing to correct and complete their details.,https://skywalkingzulu1.github.io/sandton-index/southern-sun-hyde-park/,https://skywalkingzulu1.github.io/sandton-index/needs-a-website/?b=24e4daf7-1e40-4b8a-9fa6-8c80e633bb60
Illovo Supermarket and Takeaway,Illovo,convenience-liquor,daily-retail-conveniences,A,False,estimated,False,False,worker welfare,Claim administrative control of the page already built for them at no cost.,https://skywalkingzulu1.github.io/sandton-index/illovo-supermarket-takeaway/,https://skywalkingzulu1.github.io/sandton-index/needs-a-website/?b=ae26355d-a7ff-4f1f-831d-bea830fd3a69
Falcon & Hume,Illovo,professional-services,commercial-industrial-hubs,A,False,estimated,False,False,workplace health,Claim administrative control of the page already built for them at no cost.,https://skywalkingzulu1.github.io/sandton-index/falcon-hume/,https://skywalkingzulu1.github.io/sandton-index/needs-a-website/?b=63203a2e-4fec-4b73-8a7d-293ab7b77af2
MotheoAfrica Logistics,Illovo,other,commercial-industrial-hubs,A,False,estimated,False,False,workplace health,Claim administrative control of the page already built for them at no cost.,https://skywalkingzulu1.github.io/sandton-index/motheoafrica-logistics/,https://skywalkingzulu1.github.io/sandton-index/needs-a-website/?b=d2bfa5ae-3087-4e2c-9b57-49b7b375e1e3
RMB Corvest,Illovo,professional-services,commercial-industrial-hubs,A,False,estimated,False,False,workplace health,Claim administrative control of the page already built for them at no cost.,https://skywalkingzulu1.github.io/sandton-index/rmb-corvest/,https://skywalkingzulu1.github.io/sandton-index/needs-a-website/?b=09ac5ad8-0969-4772-844a-a973db8f15df
Globecast South Africa,Illovo,offices-coworking,commercial-industrial-hubs,C,True,estimated,True,False,workplace health,Claim the listing to correct and complete their details.,https://skywalkingzulu1.github.io/sandton-index/globecast-africa/,https://skywalkingzulu1.github.io/sandton-index/needs-a-website/?b=47819dd1-60ec-431f-8681-cdebd9288a37
Bonjour,Illovo,convenience-liquor,daily-retail-conveniences,A,False,estimated,False,False,worker welfare,Claim administrative control of the page already built for them at no cost.,https://skywalkingzulu1.github.io/sandton-index/bonjour/,https://skywalkingzulu1.github.io/sandton-index/needs-a-website/?b=1306038f-a555-4228-9035-d992d9334f56
Vape Crazy Hyde Park,Illovo,supermarkets,daily-retail-conveniences,A,False,estimated,False,False,worker welfare,Claim administrative control of the page already built for them at no cost.,https://skywalkingzulu1.github.io/sandton-index/vape-crazy-hyde-park/,https://skywalkingzulu1.github.io/sandton-index/needs-a-website/?b=a8062758-d741-4d31-b056-3b1873902a86
Pick n Pay Express,Illovo,convenience-liquor,daily-retail-conveniences,B,False,verified,True,False,worker welfare,Claim administrative control of the page already built for them at no cost.,https://skywalkingzulu1.github.io/sandton-index/pick-n-pay/illovo-convenience-liquor/,https://skywalkingzulu1.github.io/sandton-index/needs-a-website/?b=18dae24d-eb54-46a1-8758-144b6d0a7b2c
Shell Select,Illovo,convenience-liquor,daily-retail-conveniences,C,True,estimated,False,False,worker welfare,Claim the listing to correct and complete their details.,https://skywalkingzulu1.github.io/sandton-index/shell/illovo-convenience-liquor/,https://skywalkingzulu1.github.io/sandton-index/needs-a-website/?b=96954be0-0ead-4f49-9583-33d941d38b36
Chas Everitt,Illovo,professional-services,commercial-industrial-hubs,A,False,estimated,False,False,workplace health,Claim administrative control of the page already built for them at no cost.,https://skywalkingzulu1.github.io/sandton-index/chas-everitt/,https://skywalkingzulu1.github.io/sandton-index/needs-a-website/?b=24aec4a8-9aab-47bc-94e2-de982e929d14
Hyde Park Square Pharmacy,Illovo,health-wellness,health-medical-urgent,A,False,verified,False,False,clinical partnership,Claim administrative control of the page already built for them at no cost.,https://skywalkingzulu1.github.io/sandton-index/hyde-park-square-pharmacy/,https://skywalkingzulu1.github.io/sandton-index/needs-a-website/?b=845f0e98-7a85-44be-a0b8-b4ac6c21d735
Top Hat,Illovo,clothing-fashion,daily-retail-conveniences,A,False,verified,True,False,worker welfare,Claim administrative control of the page already built for them at no cost.,https://skywalkingzulu1.github.io/sandton-index/top-hat/,https://skywalkingzulu1.github.io/sandton-index/needs-a-website/?b=a8a1ac46-44dd-487e-9462-858add049b80
Cremalat Cheese,Illovo,restaurants-takeaways,daily-retail-conveniences,A,False,verified,True,False,worker welfare,Claim administrative control of the page already built for them at no cost.,https://skywalkingzulu1.github.io/sandton-index/cremalat-cheese/,https://skywalkingzulu1.github.io/sandton-index/needs-a-website/?b=9a0e3432-ec5b-400a-b495-d61084fea4fe
PSG Wealth Hyde Park,Illovo,professional-services,commercial-industrial-hubs,C,True,verified,True,False,workplace health,Claim the listing to correct and complete their details.,https://skywalkingzulu1.github.io/sandton-index/psg-wealth-hyde-park/,https://skywalkingzulu1.github.io/sandton-index/needs-a-website/?b=e37ba835-5100-4bd1-b378-637855544748
Ardmore,Illovo,home-furniture,home-maintenance-trades,C,True,verified,True,False,,Claim the listing to correct and complete their details.,https://skywalkingzulu1.github.io/sandton-index/ardmore/,https://skywalkingzulu1.github.io/sandton-index/needs-a-website/?b=22932cf0-10e2-4aa5-9282-3f530d7bd822
The Bed Centre,Illovo,home-furniture,home-maintenance-trades,C,True,verified,True,False,,Claim the listing to correct and complete their details.,https://skywalkingzulu1.github.io/sandton-index/bed/,https://skywalkingzulu1.github.io/sandton-index/needs-a-website/?b=6ab55b26-41b8-467b-bc3e-ebda56fa26b7
Dunkeld Fruit & Flowers,Illovo,supermarkets,daily-retail-conveniences,C,True,verified,True,False,worker welfare,Claim the listing to correct and complete their details.,https://skywalkingzulu1.github.io/sandton-index/dunkeld-fruit-flowers/,https://skywalkingzulu1.github.io/sandton-index/needs-a-website/?b=fa74aa2b-bca1-4ec0-ad8a-a9f92c954563
Fisherman's Deli,Illovo,supermarkets,daily-retail-conveniences,A,False,estimated,False,False,worker welfare,Claim administrative control of the page already built for them at no cost.,https://skywalkingzulu1.github.io/sandton-index/fisherman-s-deli/,https://skywalkingzulu1.github.io/sandton-index/needs-a-website/?b=2cf93fd9-e95c-47b7-a5bd-5b0d19af69e9
Dunkeld Pharmacy,Illovo,health-wellness,health-medical-urgent,A,False,estimated,False,False,clinical partnership,Claim administrative control of the page already built for them at no cost.,https://skywalkingzulu1.github.io/sandton-index/dunkeld-pharmacy/,https://skywalkingzulu1.github.io/sandton-index/needs-a-website/?b=d63fe0e3-e8ea-4713-91dd-66364b25c2dc
Alchemy Studio,Illovo,fitness-sports,recreation-lifestyle,C,True,estimated,False,False,member health,Claim the listing to correct and complete their details.,https://skywalkingzulu1.github.io/sandton-index/alchemy-studio/,https://skywalkingzulu1.github.io/sandton-index/needs-a-website/?b=676b6c7a-4cf7-4520-8542-3d679fad0b2c
Wanderers Golf Course,Illovo,fitness-sports,recreation-lifestyle,A,False,estimated,False,False,member health,Claim administrative control of the page already built for them at no cost.,https://skywalkingzulu1.github.io/sandton-index/wanderers-golf-course/,https://skywalkingzulu1.github.io/sandton-index/needs-a-website/?b=be590438-1b14-4888-a0ea-52d95546a73a
Mozambique Embassy,Illovo,offices-coworking,commercial-industrial-hubs,A,False,estimated,False,False,workplace health,Claim administrative control of the page already built for them at no cost.,https://skywalkingzulu1.github.io/sandton-index/mozambique-embassy/,https://skywalkingzulu1.github.io/sandton-index/needs-a-website/?b=cc6ae1b2-9ddd-40c5-bdf1-131192e8273b
Hyde Park Corner,Illovo,other,daily-retail-conveniences,C,True,estimated,False,False,worker welfare,Claim the listing to correct and complete their details.,https://skywalkingzulu1.github.io/sandton-index/hyde-park-corner/,https://skywalkingzulu1.github.io/sandton-index/needs-a-website/?b=118c2913-053f-4767-8319-1381597efd41
Norman Goodfellows,Illovo,convenience-liquor,daily-retail-conveniences,A,False,estimated,False,False,worker welfare,Claim administrative control of the page already built for them at no cost.,https://skywalkingzulu1.github.io/sandton-index/norman-goodfellows/,https://skywalkingzulu1.github.io/sandton-index/needs-a-website/?b=aaff80bf-ab46-4039-b82c-07ac37e133cf
Illovo Junction,Illovo,malls-shopping-centres,commercial-industrial-hubs,A,False,estimated,False,False,workplace health,Claim administrative control of the page already built for them at no cost.,https://skywalkingzulu1.github.io/sandton-index/illovo-junction/,https://skywalkingzulu1.github.io/sandton-index/needs-a-website/?b=f77972f3-94f5-44a0-8892-61e381a6af0b
Universal Living,Illovo,offices-coworking,commercial-industrial-hubs,A,False,estimated,False,False,workplace health,Claim administrative control of the page already built for them at no cost.,https://skywalkingzulu1.github.io/sandton-index/universal-living/illovo-offices-coworking/,https://skywalkingzulu1.github.io/sandton-index/needs-a-website/?b=24c62ae3-ba1f-4409-a5e1-1f5924ceec44
UDM,Illovo,offices-coworking,commercial-industrial-hubs,A,False,estimated,False,False,workplace health,Claim administrative control of the page already built for them at no cost.,https://skywalkingzulu1.github.io/sandton-index/udm/illovo-offices-coworking/,https://skywalkingzulu1.github.io/sandton-index/needs-a-website/?b=cdcca03f-5f1b-470e-a211-33931d9b53bb
Fortune Kunene House,Illovo,offices-coworking,commercial-industrial-hubs,A,False,estimated,False,False,workplace health,Claim administrative control of the page already built for them at no cost.,https://skywalkingzulu1.github.io/sandton-index/fortune-kunene-house/,https://skywalkingzulu1.github.io/sandton-index/needs-a-website/?b=39248177-f1e6-4e32-9709-7499f1008b3d
Future Nation,Illovo,offices-coworking,commercial-industrial-hubs,A,False,estimated,False,False,workplace health,Claim administrative control of the page already built for them at no cost.,https://skywalkingzulu1.github.io/sandton-index/future-nation/,https://skywalkingzulu1.github.io/sandton-index/needs-a-website/?b=02800b7f-61ed-49ba-8115-9f82a1015740
Platinum Health,Illovo,offices-coworking,commercial-industrial-hubs,A,False,estimated,False,False,workplace health,Claim administrative control of the page already built for them at no cost.,https://skywalkingzulu1.github.io/sandton-index/platinum-health/,https://skywalkingzulu1.github.io/sandton-index/needs-a-website/?b=14146f1b-f33f-415e-9830-2b76afc635e7
Block & Chisel,Illovo,offices-coworking,commercial-industrial-hubs,A,False,estimated,False,False,workplace health,Claim administrative control of the page already built for them at no cost.,https://skywalkingzulu1.github.io/sandton-index/block-chisel/,https://skywalkingzulu1.github.io/sandton-index/needs-a-website/?b=1c01595b-45d6-466e-b234-a5881c8910e5
Reclam,Illovo,offices-coworking,commercial-industrial-hubs,A,False,estimated,False,False,workplace health,Claim administrative control of the page already built for them at no cost.,https://skywalkingzulu1.github.io/sandton-index/reclam/,https://skywalkingzulu1.github.io/sandton-index/needs-a-website/?b=9d027ffc-13ef-487a-afa4-90ab52062e83
Consulate General of the Federal Republic of Nigeria,Illovo,offices-coworking,commercial-industrial-hubs,A,False,estimated,False,False,workplace health,Claim administrative control of the page already built for them at no cost.,https://skywalkingzulu1.github.io/sandton-index/consulate-general-of-federal-republic-of-nigeria/,https://skywalkingzulu1.github.io/sandton-index/needs-a-website/?b=9604d435-a0c6-408a-a835-9af1cfbe38bc
Protea Hotels,Illovo,hotels-accommodation,housing-managed-complexes,A,False,unknown,False,False,resident health,Claim administrative control of the page already built for them at no cost.,https://skywalkingzulu1.github.io/sandton-index/protea-hotels/,https://skywalkingzulu1.github.io/sandton-index/needs-a-website/?b=34f82b5c-306b-488d-b211-3dcd74f6a581
Eight Melville,Illovo,offices-coworking,commercial-industrial-hubs,A,False,estimated,False,False,workplace health,Claim administrative control of the page already built for them at no cost.,https://skywalkingzulu1.github.io/sandton-index/eight-melville/,https://skywalkingzulu1.github.io/sandton-index/needs-a-website/?b=d6939aba-3d7f-4bb1-b548-b4768a328b08
Gautrain Vent,Illovo,services-home,home-maintenance-trades,A,False,estimated,False,False,,Claim administrative control of the page already built for them at no cost.,https://skywalkingzulu1.github.io/sandton-index/gautrain-vent/,https://skywalkingzulu1.github.io/sandton-index/needs-a-website/?b=ac682e3d-8678-4544-86ac-6ce46ba41309
Design Plus,Illovo,home-furniture,home-maintenance-trades,C,True,estimated,True,False,,Claim the listing to correct and complete their details.,https://skywalkingzulu1.github.io/sandton-index/design-plus/illovo-home-furniture/,https://skywalkingzulu1.github.io/sandton-index/needs-a-website/?b=604a784c-f3c0-44a6-a744-2eb636d80127
35 Ferguson,Illovo,offices-coworking,commercial-industrial-hubs,A,False,estimated,False,False,workplace health,Claim administrative control of the page already built for them at no cost.,https://skywalkingzulu1.github.io/sandton-index/35-ferguson/,https://skywalkingzulu1.github.io/sandton-index/needs-a-website/?b=c67a55a7-ecdb-43a8-9560-fc4fcf4dee93
Discovery Soccer Park,Illovo,offices-coworking,commercial-industrial-hubs,B,False,estimated,False,False,workplace health,Claim administrative control of the page already built for them at no cost.,https://skywalkingzulu1.github.io/sandton-index/discovery-soccer-park/,https://skywalkingzulu1.github.io/sandton-index/needs-a-website/?b=8bd69e6c-70ab-4d45-a27d-ca2ecfd5b339
Illovo Point,Illovo,offices-coworking,commercial-industrial-hubs,A,False,estimated,False,False,workplace health,Claim administrative control of the page already built for them at no cost.,https://skywalkingzulu1.github.io/sandton-index/illovo-point/,https://skywalkingzulu1.github.io/sandton-index/needs-a-website/?b=4854a87a-34a4-4e11-823d-89b36a70578f
Building 7,Illovo,offices-coworking,commercial-industrial-hubs,A,False,estimated,False,False,workplace health,Claim administrative control of the page already built for them at no cost.,https://skywalkingzulu1.github.io/sandton-index/building-7/,https://skywalkingzulu1.github.io/sandton-index/needs-a-website/?b=8094e82d-d905-4634-bb76-1370ab53cffc
Building 6,Illovo,offices-coworking,commercial-industrial-hubs,A,False,estimated,False,False,workplace health,Claim administrative control of the page already built for them at no cost.,https://skywalkingzulu1.github.io/sandton-index/building-6/,https://skywalkingzulu1.github.io/sandton-index/needs-a-website/?b=81b71ecb-7e0f-4b68-85d9-67c64e2a037b
Building 2,Illovo,offices-coworking,commercial-industrial-hubs,A,False,estimated,False,False,workplace health,Claim administrative control of the page already built for them at no cost.,https://skywalkingzulu1.github.io/sandton-index/building-2/,https://skywalkingzulu1.github.io/sandton-index/needs-a-website/?b=18bcfa64-40a5-4649-82ae-b501d62118b9
Illovo Edge,Illovo,offices-coworking,commercial-industrial-hubs,A,False,estimated,False,False,workplace health,Claim administrative control of the page already built for them at no cost.,https://skywalkingzulu1.github.io/sandton-index/illovo-edge/,https://skywalkingzulu1.github.io/sandton-index/needs-a-website/?b=e9954da1-31db-4753-a4fe-09c08fc1cd0c
Spar,Sandhurst,supermarkets,daily-retail-conveniences,B,False,verified,False,False,worker welfare,Claim administrative control of the page already built for them at no cost.,https://skywalkingzulu1.github.io/sandton-index/spar/sandhurst-supermarkets/,https://skywalkingzulu1.github.io/sandton-index/needs-a-website/?b=cc31a661-b04f-4c07-b1a2-cf5c8032d8c0
Liz at Lancaster,Sandhurst,hotels-accommodation,housing-managed-complexes,A,False,unknown,False,False,resident health,Claim administrative control of the page already built for them at no cost.,https://skywalkingzulu1.github.io/sandton-index/liz-at-lancaster/,https://skywalkingzulu1.github.io/sandton-index/needs-a-website/?b=f0a079e9-d917-4847-98ae-917740ecd0f1
Woolworths Food,Sandhurst,convenience-liquor,daily-retail-conveniences,B,False,verified,False,False,worker welfare,Claim administrative control of the page already built for them at no cost.,https://skywalkingzulu1.github.io/sandton-index/woolworths/sandhurst-convenience-liquor/,https://skywalkingzulu1.github.io/sandton-index/needs-a-website/?b=563aefc8-2a72-4abc-ace8-53b16693bf77
Liquor Warehouse,Sandhurst,convenience-liquor,daily-retail-conveniences,A,False,estimated,False,False,worker welfare,Claim administrative control of the page already built for them at no cost.,https://skywalkingzulu1.github.io/sandton-index/warehouse/,https://skywalkingzulu1.github.io/sandton-index/needs-a-website/?b=9e34bf8e-5e06-4c6e-b255-12b8d7541343
Woolworths Food,Sandhurst,supermarkets,daily-retail-conveniences,B,False,verified,False,False,worker welfare,Claim administrative control of the page already built for them at no cost.,https://skywalkingzulu1.github.io/sandton-index/woolworths/sandhurst-supermarkets/,https://skywalkingzulu1.github.io/sandton-index/needs-a-website/?b=753eb178-c43a-4a5f-8914-4f266a0c4928
Planet Fitness,Sandhurst,fitness-sports,recreation-lifestyle,A,False,verified,False,False,member health,Claim administrative control of the page already built for them at no cost.,https://skywalkingzulu1.github.io/sandton-index/planet-fitness/sandhurst-fitness-sports/,https://skywalkingzulu1.github.io/sandton-index/needs-a-website/?b=2c05a79b-9652-4153-a5d8-da7ab3ab8662
Pick n Pay Family,Sandhurst,supermarkets,daily-retail-conveniences,B,False,verified,False,False,worker welfare,Claim administrative control of the page already built for them at no cost.,https://skywalkingzulu1.github.io/sandton-index/pick-n-pay/sandhurst-supermarkets/,https://skywalkingzulu1.github.io/sandton-index/needs-a-website/?b=9c026315-51db-455c-8422-e21035da798a
Amanzi Guest House,Sandhurst,hotels-accommodation,housing-managed-complexes,A,False,unknown,False,False,resident health,Claim administrative control of the page already built for them at no cost.,https://skywalkingzulu1.github.io/sandton-index/amanzi-guest-house/,https://skywalkingzulu1.github.io/sandton-index/needs-a-website/?b=8c6c0088-5235-43b6-b927-21b191d76cc2
Gerakaris Family WInes,Sandhurst,convenience-liquor,daily-retail-conveniences,A,False,estimated,False,False,worker welfare,Claim administrative control of the page already built for them at no cost.,https://skywalkingzulu1.github.io/sandton-index/gerakaris-wines/,https://skywalkingzulu1.github.io/sandton-index/needs-a-website/?b=5cc5240d-2781-4bc3-a0e0-db113d663120
Colourful Splendour Nursery,Sandhurst,home-furniture,home-maintenance-trades,A,False,estimated,False,False,,Claim administrative control of the page already built for them at no cost.,https://skywalkingzulu1.github.io/sandton-index/colourful-splendour-nursery/,https://skywalkingzulu1.github.io/sandton-index/needs-a-website/?b=6be6b56b-7041-423f-9d4d-770c5119136a
Dirt Merchant Bicycle Company,Sandhurst,automotive,transport-logistics,A,False,estimated,False,False,occupational health,Claim administrative control of the page already built for them at no cost.,https://skywalkingzulu1.github.io/sandton-index/dirt-merchant-bicycle/,https://skywalkingzulu1.github.io/sandton-index/needs-a-website/?b=0847d8b6-ced4-4e4b-ba12-bf10a93bc2b1
DJ Mix Club,Sandhurst,media-printing,commercial-industrial-hubs,A,False,estimated,False,False,workplace health,Claim administrative control of the page already built for them at no cost.,https://skywalkingzulu1.github.io/sandton-index/dj-mix-club/,https://skywalkingzulu1.github.io/sandton-index/needs-a-website/?b=760b6f3f-9941-44ce-923d-a3c05e66e773
Floral Enchantment,Sandhurst,home-furniture,home-maintenance-trades,A,False,estimated,False,False,,Claim administrative control of the page already built for them at no cost.,https://skywalkingzulu1.github.io/sandton-index/floral-enchantment/,https://skywalkingzulu1.github.io/sandton-index/needs-a-website/?b=1a928735-6bb3-436a-a15a-7ae9500cac0b
Fresh Earth Food Store,Sandhurst,supermarkets,daily-retail-conveniences,C,True,verified,True,False,worker welfare,Claim the listing to correct and complete their details.,https://skywalkingzulu1.github.io/sandton-index/fresh-earth/,https://skywalkingzulu1.github.io/sandton-index/needs-a-website/?b=bba7fca2-557e-400c-8c6c-1194cc5790d4
Shiny Rock Polished,Sandhurst,other,daily-retail-conveniences,C,True,estimated,True,False,worker welfare,Claim the listing to correct and complete their details.,https://skywalkingzulu1.github.io/sandton-index/shiny-rock-polished/,https://skywalkingzulu1.github.io/sandton-index/needs-a-website/?b=b81d899b-457b-4ccf-9d54-232905503982
Pepper & Co,Sandhurst,pets-animals,daily-retail-conveniences,C,True,verified,False,False,worker welfare,Claim the listing to correct and complete their details.,https://skywalkingzulu1.github.io/sandton-index/pepper/,https://skywalkingzulu1.github.io/sandton-index/needs-a-website/?b=068aa7cb-331b-4fe2-adda-94efb1405993
Blairgowrie Super Market,Sandhurst,supermarkets,daily-retail-conveniences,A,False,estimated,False,False,worker welfare,Claim administrative control of the page already built for them at no cost.,https://skywalkingzulu1.github.io/sandton-index/blairgowrie-super/,https://skywalkingzulu1.github.io/sandton-index/needs-a-website/?b=45e160bf-6264-4f9b-b171-58b9091edb67
Olive & Co Tattoo Studio,Sandhurst,beauty-hair,recreation-lifestyle,C,True,estimated,True,False,member health,Claim the listing to correct and complete their details.,https://skywalkingzulu1.github.io/sandton-index/olive-tattoo-studio/,https://skywalkingzulu1.github.io/sandton-index/needs-a-website/?b=85b84562-7f65-4410-a068-c79f0cca2f29
Vinyl Junkie,Sandhurst,media-printing,commercial-industrial-hubs,C,True,verified,True,False,workplace health,Claim the listing to correct and complete their details.,https://skywalkingzulu1.github.io/sandton-index/vinyl-junkie/,https://skywalkingzulu1.github.io/sandton-index/needs-a-website/?b=1d058d9b-8c3c-495c-b771-b8117ca113d7
Salute Salon,Sandhurst,beauty-hair,recreation-lifestyle,C,True,verified,True,False,member health,Claim the listing to correct and complete their details.,https://skywalkingzulu1.github.io/sandton-index/salute-salon/,https://skywalkingzulu1.github.io/sandton-index/needs-a-website/?b=3b9b9f86-bccf-4e3b-af17-8e97beb57d97
Success House,Sandhurst,offices-coworking,commercial-industrial-hubs,A,False,estimated,False,False,workplace health,Claim administrative control of the page already built for them at no cost.,https://skywalkingzulu1.github.io/sandton-index/success-house/,https://skywalkingzulu1.github.io/sandton-index/needs-a-website/?b=416b5738-3c7e-4d06-be8f-7cdfa5dc871b
Quickshop,Sandhurst,convenience-liquor,daily-retail-conveniences,B,False,estimated,False,False,worker welfare,Claim administrative control of the page already built for them at no cost.,https://skywalkingzulu1.github.io/sandton-index/quickshop/sandhurst-convenience-liquor/,https://skywalkingzulu1.github.io/sandton-index/needs-a-website/?b=23886674-496c-4366-bbda-f5ffb697074e
The Fruit and Nut Market,Sandhurst,supermarkets,daily-retail-conveniences,A,False,estimated,False,False,worker welfare,Claim administrative control of the page already built for them at no cost.,https://skywalkingzulu1.github.io/sandton-index/fruit-nut/,https://skywalkingzulu1.github.io/sandton-index/needs-a-website/?b=5671d778-1207-4489-bf2d-24d34f9a9dd4
Blairgowrie Recreation Centre,Sandhurst,fitness-sports,recreation-lifestyle,A,False,estimated,True,False,member health,Claim administrative control of the page already built for them at no cost.,https://skywalkingzulu1.github.io/sandton-index/blairgowrie-recreation/,https://skywalkingzulu1.github.io/sandton-index/needs-a-website/?b=dbda7bfd-fabc-495c-8e5b-7fc2092e41e0
Randburg Squash Centre,Sandhurst,fitness-sports,recreation-lifestyle,A,False,estimated,True,False,member health,Claim administrative control of the page already built for them at no cost.,https://skywalkingzulu1.github.io/sandton-index/randburg-squash/,https://skywalkingzulu1.github.io/sandton-index/needs-a-website/?b=e478b4a6-1c28-4518-a3c4-b9de078873b9
Blairgowrie Swimming Pool,Sandhurst,fitness-sports,recreation-lifestyle,A,False,estimated,False,False,member health,Claim administrative control of the page already built for them at no cost.,https://skywalkingzulu1.github.io/sandton-index/blairgowrie-swimming-pool/,https://skywalkingzulu1.github.io/sandton-index/needs-a-website/?b=a715f19d-399a-4f36-89f0-9ad22441ea31
Randburg Tennis,Sandhurst,fitness-sports,recreation-lifestyle,A,False,estimated,False,False,member health,Claim administrative control of the page already built for them at no cost.,https://skywalkingzulu1.github.io/sandton-index/randburg-tennis/,https://skywalkingzulu1.github.io/sandton-index/needs-a-website/?b=0e08a422-c88d-46b9-a2da-69a9a2fab931
Polo Fields,Woodmead,fitness-sports,recreation-lifestyle,A,False,estimated,False,False,member health,Claim administrative control of the page already built for them at no cost.,https://skywalkingzulu1.github.io/sandton-index/polo-fields/,https://skywalkingzulu1.github.io/sandton-index/needs-a-website/?b=bc579ebd-e7f5-45b6-83d5-3301b543a3e1
Shoe City,Woodmead,clothing-fashion,daily-retail-conveniences,A,False,estimated,False,False,worker welfare,Claim administrative control of the page already built for them at no cost.,https://skywalkingzulu1.github.io/sandton-index/shoe-city/,https://skywalkingzulu1.github.io/sandton-index/needs-a-website/?b=934b6dff-945d-4367-b337-965774e377d6
NWJ,Woodmead,other,daily-retail-conveniences,A,False,estimated,False,False,worker welfare,Claim administrative control of the page already built for them at no cost.,https://skywalkingzulu1.github.io/sandton-index/nwj/,https://skywalkingzulu1.github.io/sandton-index/needs-a-website/?b=71f17c57-daa0-4a5e-bc97-2a714f4a9835
Toys R Us,Woodmead,clothing-fashion,daily-retail-conveniences,A,False,estimated,False,False,worker welfare,Claim administrative control of the page already built for them at no cost.,https://skywalkingzulu1.github.io/sandton-index/toys-r-us/woodmead-clothing-fashion/,https://skywalkingzulu1.github.io/sandton-index/needs-a-website/?b=23a0022d-2ee5-4ed1-a94b-64895bb81603
Ackermans,Woodmead,clothing-fashion,daily-retail-conveniences,C,True,estimated,True,False,worker welfare,Claim the listing to correct and complete their details.,https://skywalkingzulu1.github.io/sandton-index/ackermans/,https://skywalkingzulu1.github.io/sandton-index/needs-a-website/?b=05edc0c1-6457-4819-b5f6-b5916ff1a6d1
Sneakers,Woodmead,clothing-fashion,daily-retail-conveniences,A,False,estimated,False,False,worker welfare,Claim administrative control of the page already built for them at no cost.,https://skywalkingzulu1.github.io/sandton-index/sneakers/woodmead-clothing-fashion/,https://skywalkingzulu1.github.io/sandton-index/needs-a-website/?b=f41f0a51-a6f0-4c13-beb9-52f419f15746
Waltons,Woodmead,media-printing,commercial-industrial-hubs,A,False,estimated,False,False,workplace health,Claim administrative control of the page already built for them at no cost.,https://skywalkingzulu1.github.io/sandton-index/waltons/,https://skywalkingzulu1.github.io/sandton-index/needs-a-website/?b=12b9b2d8-c8af-46f5-9b00-810cb8a019a8
Crazy Store,Woodmead,convenience-liquor,daily-retail-conveniences,A,False,verified,False,False,worker welfare,Claim administrative control of the page already built for them at no cost.,https://skywalkingzulu1.github.io/sandton-index/crazy/woodmead-convenience-liquor/,https://skywalkingzulu1.github.io/sandton-index/needs-a-website/?b=d40bee21-c709-463b-a9cb-668ee4e67528
Coricraft,Woodmead,home-furniture,home-maintenance-trades,A,False,verified,False,False,,Claim administrative control of the page already built for them at no cost.,https://skywalkingzulu1.github.io/sandton-index/coricraft/woodmead-home-furniture/,https://skywalkingzulu1.github.io/sandton-index/needs-a-website/?b=a74d2fdd-9132-4538-8f79-e7acef2afc81
Sunninghill Superspar,Woodmead,supermarkets,daily-retail-conveniences,A,False,estimated,False,False,worker welfare,Claim administrative control of the page already built for them at no cost.,https://skywalkingzulu1.github.io/sandton-index/sunninghill-superspar/,https://skywalkingzulu1.github.io/sandton-index/needs-a-website/?b=d85d01d0-0028-4e69-ab74-be22abc5940b
Woolworths,Woodmead,supermarkets,daily-retail-conveniences,B,False,verified,False,False,worker welfare,Claim administrative control of the page already built for them at no cost.,https://skywalkingzulu1.github.io/sandton-index/woolworths/woodmead-supermarkets/,https://skywalkingzulu1.github.io/sandton-index/needs-a-website/?b=0a175e65-fffe-4825-bdf6-8e231188ecf9
Tops,Woodmead,convenience-liquor,daily-retail-conveniences,A,False,estimated,False,False,worker welfare,Claim administrative control of the page already built for them at no cost.,https://skywalkingzulu1.github.io/sandton-index/tops/,https://skywalkingzulu1.github.io/sandton-index/needs-a-website/?b=9adc7bb8-f905-4ece-acbc-5d797c32907f
Woolworths,Woodmead,supermarkets,daily-retail-conveniences,C,True,verified,True,False,worker welfare,Claim the listing to correct and complete their details.,https://skywalkingzulu1.github.io/sandton-index/woolworths/woodmead-supermarkets-2/,https://skywalkingzulu1.github.io/sandton-index/needs-a-website/?b=5935c1ee-9d24-4dd4-9056-43711aadc523
Dion Wired,Woodmead,tech-it,commercial-industrial-hubs,A,False,estimated,False,False,workplace health,Claim administrative control of the page already built for them at no cost.,https://skywalkingzulu1.github.io/sandton-index/dion-wired/,https://skywalkingzulu1.github.io/sandton-index/needs-a-website/?b=dc8ab1d1-1405-4dfc-b3c0-92b53e3f1e42
Fournos Bakery,Woodmead,supermarkets,daily-retail-conveniences,A,False,estimated,False,False,worker welfare,Claim administrative control of the page already built for them at no cost.,https://skywalkingzulu1.github.io/sandton-index/fournos-bakery/woodmead-supermarkets/,https://skywalkingzulu1.github.io/sandton-index/needs-a-website/?b=8441810a-811d-4594-8b12-0d67acac16c8
Vodacom World of Golf,Woodmead,fitness-sports,recreation-lifestyle,B,False,estimated,False,False,member health,Claim administrative control of the page already built for them at no cost.,https://skywalkingzulu1.github.io/sandton-index/vodacom-world-of-golf/,https://skywalkingzulu1.github.io/sandton-index/needs-a-website/?b=42d91b04-5d83-47f5-8038-d14575ad495d
IKFF Africa,Woodmead,fitness-sports,recreation-lifestyle,C,True,estimated,False,False,member health,Claim the listing to correct and complete their details.,https://skywalkingzulu1.github.io/sandton-index/ikff-africa/,https://skywalkingzulu1.github.io/sandton-index/needs-a-website/?b=998f2ca2-25c3-4efa-9c64-46bf80b7ab61
Shell Select,Woodmead,convenience-liquor,daily-retail-conveniences,C,True,estimated,False,False,worker welfare,Claim the listing to correct and complete their details.,https://skywalkingzulu1.github.io/sandton-index/shell/woodmead-convenience-liquor/,https://skywalkingzulu1.github.io/sandton-index/needs-a-website/?b=2d0489e1-f60b-4b3a-9c2c-bfbd7d313473
Expert Diamond,Woodmead,tech-it,commercial-industrial-hubs,A,False,estimated,False,False,workplace health,Claim administrative control of the page already built for them at no cost.,https://skywalkingzulu1.github.io/sandton-index/expert-diamond/,https://skywalkingzulu1.github.io/sandton-index/needs-a-website/?b=001a001a-28ed-48de-99fe-68ed7d5a0f3c
World of Golf,Woodmead,fitness-sports,recreation-lifestyle,A,False,estimated,False,False,member health,Claim administrative control of the page already built for them at no cost.,https://skywalkingzulu1.github.io/sandton-index/world-of-golf/,https://skywalkingzulu1.github.io/sandton-index/needs-a-website/?b=3b6e9431-65de-46b9-b5ad-9b55f7f93543
Sanhill Office Park,Woodmead,other,commercial-industrial-hubs,A,False,estimated,False,True,workplace health,Claim administrative control of the page already built for them at no cost.,https://skywalkingzulu1.github.io/sandton-index/sanhill-office-park/,https://skywalkingzulu1.github.io/sandton-index/needs-a-website/?b=e87231e2-d13c-4fc9-a0d1-9d8e112764f6
Holiday Inn Express Sandton-Woodmead,Woodmead,hotels-accommodation,housing-managed-complexes,A,False,unknown,False,False,resident health,Claim administrative control of the page already built for them at no cost.,https://skywalkingzulu1.github.io/sandton-index/holiday-inn-woodmead/,https://skywalkingzulu1.github.io/sandton-index/needs-a-website/?b=4789b69b-16d4-4310-bf3c-2b183d7738f4
Fluor SA,Woodmead,offices-coworking,commercial-industrial-hubs,A,False,estimated,False,False,workplace health,Claim administrative control of the page already built for them at no cost.,https://skywalkingzulu1.github.io/sandton-index/fluor-sa/,https://skywalkingzulu1.github.io/sandton-index/needs-a-website/?b=b8263076-9997-4076-b0c2-604b47d51603
Wahoo Aquatic Centre,Woodmead,fitness-sports,recreation-lifestyle,A,False,estimated,False,False,member health,Claim administrative control of the page already built for them at no cost.,https://skywalkingzulu1.github.io/sandton-index/wahoo-aquatic/,https://skywalkingzulu1.github.io/sandton-index/needs-a-website/?b=49325294-a0d7-4809-9874-f920a0809f41
pwc,Woodmead,offices-coworking,commercial-industrial-hubs,A,False,estimated,False,False,workplace health,Claim administrative control of the page already built for them at no cost.,https://skywalkingzulu1.github.io/sandton-index/pwc/woodmead-offices-coworking/,https://skywalkingzulu1.github.io/sandton-index/needs-a-website/?b=de018902-ea53-464d-8531-6b173cf7d0ca
Virgin Active,Sunninghill,fitness-sports,recreation-lifestyle,C,True,verified,True,False,member health,Claim the listing to correct and complete their details.,https://skywalkingzulu1.github.io/sandton-index/virgin-active/sunninghill-fitness-sports/,https://skywalkingzulu1.github.io/sandton-index/needs-a-website/?b=8f08fbe6-f482-4043-8767-cb7ea85e3bae
Pick n Pay,Sunninghill,supermarkets,daily-retail-conveniences,C,True,verified,True,False,worker welfare,Claim the listing to correct and complete their details.,https://skywalkingzulu1.github.io/sandton-index/pick-n-pay/sunninghill-supermarkets/,https://skywalkingzulu1.github.io/sandton-index/needs-a-website/?b=2b7fb44e-ca85-497d-b4e5-9b8657d7a9d3
Woolworths Food,Sunninghill,supermarkets,daily-retail-conveniences,C,True,verified,True,False,worker welfare,Claim the listing to correct and complete their details.,https://skywalkingzulu1.github.io/sandton-index/woolworths/sunninghill-supermarkets/,https://skywalkingzulu1.github.io/sandton-index/needs-a-website/?b=a1b02cfb-7f4a-43d9-bdef-b701e2a4c9a4
Rivonia Toyota,Sunninghill,automotive,transport-logistics,C,True,estimated,True,False,occupational health,Claim the listing to correct and complete their details.,https://skywalkingzulu1.github.io/sandton-index/rivonia-toyota/,https://skywalkingzulu1.github.io/sandton-index/needs-a-website/?b=26d6b02f-5e02-49fc-9d57-be250258de03
Hip Kids,Sunninghill,clothing-fashion,daily-retail-conveniences,A,False,estimated,False,False,worker welfare,Claim administrative control of the page already built for them at no cost.,https://skywalkingzulu1.github.io/sandton-index/hip-kids/,https://skywalkingzulu1.github.io/sandton-index/needs-a-website/?b=680ae304-2762-4b89-a43d-7cb929eaab3d
Jack's,Sunninghill,doityourself-hardware,home-maintenance-trades,A,False,estimated,False,False,,Claim administrative control of the page already built for them at no cost.,https://skywalkingzulu1.github.io/sandton-index/jack-s/,https://skywalkingzulu1.github.io/sandton-index/needs-a-website/?b=bbee772f-27fb-4eb1-8f85-5bed5f4436b1
Silver Moon,Sunninghill,clothing-fashion,daily-retail-conveniences,A,False,estimated,False,False,worker welfare,Claim administrative control of the page already built for them at no cost.,https://skywalkingzulu1.github.io/sandton-index/silver-moon/,https://skywalkingzulu1.github.io/sandton-index/needs-a-website/?b=63b11be2-dd31-453b-9aac-7079387d7a1b
David Shannon,Sunninghill,beauty-hair,recreation-lifestyle,A,False,estimated,False,False,member health,Claim administrative control of the page already built for them at no cost.,https://skywalkingzulu1.github.io/sandton-index/david-shannon/,https://skywalkingzulu1.github.io/sandton-index/needs-a-website/?b=93274a79-546e-4de5-9a50-ce402695cbf1
Galore,Sunninghill,media-printing,commercial-industrial-hubs,A,False,estimated,False,False,workplace health,Claim administrative control of the page already built for them at no cost.,https://skywalkingzulu1.github.io/sandton-index/galore/,https://skywalkingzulu1.github.io/sandton-index/needs-a-website/?b=49bac60c-0335-41d4-9e76-626c3370418a
Flight Centre,Sunninghill,travel-tourism,transport-logistics,A,False,estimated,False,False,occupational health,Claim administrative control of the page already built for them at no cost.,https://skywalkingzulu1.github.io/sandton-index/flight/,https://skywalkingzulu1.github.io/sandton-index/needs-a-website/?b=9964e466-d8bc-41e2-9311-8bf0dd258161
Sotran,Sunninghill,home-furniture,home-maintenance-trades,A,False,estimated,False,False,,Claim administrative control of the page already built for them at no cost.,https://skywalkingzulu1.github.io/sandton-index/sotran/,https://skywalkingzulu1.github.io/sandton-index/needs-a-website/?b=2e4d4c92-7846-40c4-8949-15bd11cb2867
Durban Seafoods,Sunninghill,supermarkets,daily-retail-conveniences,A,False,estimated,False,False,worker welfare,Claim administrative control of the page already built for them at no cost.,https://skywalkingzulu1.github.io/sandton-index/durban-seafoods/,https://skywalkingzulu1.github.io/sandton-index/needs-a-website/?b=c106bc3a-af29-4fb4-ac18-d5d4550c26db
Candi & Co,Sunninghill,beauty-hair,recreation-lifestyle,C,True,verified,True,False,member health,Claim the listing to correct and complete their details.,https://skywalkingzulu1.github.io/sandton-index/candi/,https://skywalkingzulu1.github.io/sandton-index/needs-a-website/?b=b80be218-eb10-4c1d-879f-286e94418de8
Fritz Pienaar,Sunninghill,automotive,transport-logistics,A,False,estimated,False,False,occupational health,Claim administrative control of the page already built for them at no cost.,https://skywalkingzulu1.github.io/sandton-index/fritz-pienaar/,https://skywalkingzulu1.github.io/sandton-index/needs-a-website/?b=3ded2333-8ba7-4304-94a7-325b3dca90c0
Ford,Sunninghill,automotive,transport-logistics,B,False,estimated,False,False,occupational health,Claim administrative control of the page already built for them at no cost.,https://skywalkingzulu1.github.io/sandton-index/ford/,https://skywalkingzulu1.github.io/sandton-index/needs-a-website/?b=d5e54ef7-28f2-4607-92d4-59cacb3482bc
Pick n Pay,Sunninghill,supermarkets,daily-retail-conveniences,B,False,verified,False,False,worker welfare,Claim administrative control of the page already built for them at no cost.,https://skywalkingzulu1.github.io/sandton-index/pick-n-pay/sunninghill-supermarkets-2/,https://skywalkingzulu1.github.io/sandton-index/needs-a-website/?b=e6a3f4b8-e038-4cd5-9b87-7876d8e3cd8c
Pick n Pay Liquor,Sunninghill,convenience-liquor,daily-retail-conveniences,B,False,verified,False,False,worker welfare,Claim administrative control of the page already built for them at no cost.,https://skywalkingzulu1.github.io/sandton-index/pick-n-pay/sunninghill-convenience-liquor/,https://skywalkingzulu1.github.io/sandton-index/needs-a-website/?b=1dec3db3-4553-4b14-af50-017ade8b6c68
Executive Toys,Sunninghill,automotive,transport-logistics,A,False,estimated,False,False,occupational health,Claim administrative control of the page already built for them at no cost.,https://skywalkingzulu1.github.io/sandton-index/executive-toys/,https://skywalkingzulu1.github.io/sandton-index/needs-a-website/?b=8b20922f-12c4-4f6a-8f57-44cf672b2e60
Evening Star,Sunninghill,services-home,home-maintenance-trades,A,False,estimated,False,False,,Claim administrative control of the page already built for them at no cost.,https://skywalkingzulu1.github.io/sandton-index/evening-star/,https://skywalkingzulu1.github.io/sandton-index/needs-a-website/?b=6425a971-3962-4d1a-bc74-6ecc958eea35
DVD@Home,Sunninghill,tech-it,commercial-industrial-hubs,A,False,estimated,False,False,workplace health,Claim administrative control of the page already built for them at no cost.,https://skywalkingzulu1.github.io/sandton-index/dvd-home/,https://skywalkingzulu1.github.io/sandton-index/needs-a-website/?b=e939c536-d272-491b-8d68-d956c0562311
Rose Rock,Sunninghill,beauty-hair,recreation-lifestyle,A,False,estimated,False,False,member health,Claim administrative control of the page already built for them at no cost.,https://skywalkingzulu1.github.io/sandton-index/rose-rock/,https://skywalkingzulu1.github.io/sandton-index/needs-a-website/?b=cf82f39a-e3ff-4136-abf0-e165ecef30a9
Bride & Co,Sunninghill,clothing-fashion,daily-retail-conveniences,A,False,estimated,False,False,worker welfare,Claim administrative control of the page already built for them at no cost.,https://skywalkingzulu1.github.io/sandton-index/bride/,https://skywalkingzulu1.github.io/sandton-index/needs-a-website/?b=f0fe12aa-ad55-4c5d-8782-b44ef43a606c
Checkers,Sunninghill,supermarkets,daily-retail-conveniences,C,True,verified,True,False,worker welfare,Claim the listing to correct and complete their details.,https://skywalkingzulu1.github.io/sandton-index/checkers/sunninghill-supermarkets/,https://skywalkingzulu1.github.io/sandton-index/needs-a-website/?b=ae38331d-6071-40ab-8990-d22686aea582
Pressed in Time,Sunninghill,services-home,home-maintenance-trades,A,False,estimated,False,False,,Claim administrative control of the page already built for them at no cost.,https://skywalkingzulu1.github.io/sandton-index/pressed-in-time/,https://skywalkingzulu1.github.io/sandton-index/needs-a-website/?b=cf1044e1-859b-4b62-8f14-0fc5eb0d6798
Woolworths,Sunninghill,supermarkets,daily-retail-conveniences,B,False,verified,False,False,worker welfare,Claim administrative control of the page already built for them at no cost.,https://skywalkingzulu1.github.io/sandton-index/woolworths/sunninghill-supermarkets-2/,https://skywalkingzulu1.github.io/sandton-index/needs-a-website/?b=7ea5d277-5503-43b0-b7f3-44f2b53d7ef1
Liliesleaf Historical Guest House,Sunninghill,hotels-accommodation,housing-managed-complexes,A,False,unknown,False,False,resident health,Claim administrative control of the page already built for them at no cost.,https://skywalkingzulu1.github.io/sandton-index/liliesleaf-historical-guest-house/,https://skywalkingzulu1.github.io/sandton-index/needs-a-website/?b=f7f12e43-0188-4e3a-9eba-5723b9da4dce
HP Johannesburg Office,Sunninghill,offices-coworking,commercial-industrial-hubs,A,False,estimated,False,False,workplace health,Claim administrative control of the page already built for them at no cost.,https://skywalkingzulu1.github.io/sandton-index/hp-office/,https://skywalkingzulu1.github.io/sandton-index/needs-a-website/?b=c5367b12-5eec-4e9f-85c9-97ebebb0ab1e
ITV Networks,Sunninghill,other,daily-retail-conveniences,A,False,estimated,False,False,worker welfare,Claim administrative control of the page already built for them at no cost.,https://skywalkingzulu1.github.io/sandton-index/itv-networks/sunninghill-other/,https://skywalkingzulu1.github.io/sandton-index/needs-a-website/?b=407f170e-ea94-4ce3-9264-96915aa5043f
Lifemed Medical Scheme,Sunninghill,other,health-medical-urgent,B,False,estimated,False,False,clinical partnership,Claim administrative control of the page already built for them at no cost.,https://skywalkingzulu1.github.io/sandton-index/lifemed-medical-scheme/sunninghill-other/,https://skywalkingzulu1.github.io/sandton-index/needs-a-website/?b=06a53ce5-48b9-430e-ab7c-e069e1dd45cc
Chase Software,Sunninghill,offices-coworking,commercial-industrial-hubs,A,False,estimated,False,False,workplace health,Claim administrative control of the page already built for them at no cost.,https://skywalkingzulu1.github.io/sandton-index/chase-software/,https://skywalkingzulu1.github.io/sandton-index/needs-a-website/?b=5cbfface-7cef-4f96-b7fe-ec13df5daa0c
Revive Autobody Repair Centre,Sunninghill,automotive,transport-logistics,A,False,estimated,False,False,occupational health,Claim administrative control of the page already built for them at no cost.,https://skywalkingzulu1.github.io/sandton-index/revive-autobody-repair/,https://skywalkingzulu1.github.io/sandton-index/needs-a-website/?b=b214f552-a431-4da7-ab25-a20c4745c9ce
Food Lover's Market,Sunninghill,supermarkets,daily-retail-conveniences,B,False,verified,False,False,worker welfare,Claim administrative control of the page already built for them at no cost.,https://skywalkingzulu1.github.io/sandton-index/lover-s/sunninghill-supermarkets/,https://skywalkingzulu1.github.io/sandton-index/needs-a-website/?b=faed11d9-1e19-43af-b7a2-f5493ae6607a
Liquor City,Sunninghill,convenience-liquor,daily-retail-conveniences,A,False,estimated,False,False,worker welfare,Claim administrative control of the page already built for them at no cost.,https://skywalkingzulu1.github.io/sandton-index/city/sunninghill-convenience-liquor/,https://skywalkingzulu1.github.io/sandton-index/needs-a-website/?b=5cbc6ad7-00ca-4dc3-9cdf-ac910fb78862
Tiger Wheel and Tyre,Sunninghill,automotive,transport-logistics,B,False,verified,False,False,occupational health,Claim administrative control of the page already built for them at no cost.,https://skywalkingzulu1.github.io/sandton-index/tiger-wheel-tyre/sunninghill-automotive/,https://skywalkingzulu1.github.io/sandton-index/needs-a-website/?b=eec07d16-79fd-4de5-aed6-3cd419f36074
The Square,Sunninghill,services-home,home-maintenance-trades,A,False,estimated,False,False,,Claim administrative control of the page already built for them at no cost.,https://skywalkingzulu1.github.io/sandton-index/square/,https://skywalkingzulu1.github.io/sandton-index/needs-a-website/?b=9eb3fa84-499e-4d9a-8431-9296726874f5
Cash Converters,Sunninghill,auctions-pawn,daily-retail-conveniences,A,False,estimated,False,False,worker welfare,Claim administrative control of the page already built for them at no cost.,https://skywalkingzulu1.github.io/sandton-index/cash-converters/sunninghill-auctions-pawn/,https://skywalkingzulu1.github.io/sandton-index/needs-a-website/?b=d5f68c54-e9ff-44ac-bd97-bd8f5e31b2c5
RAD KTM,Sunninghill,automotive,transport-logistics,A,False,verified,True,False,occupational health,Claim administrative control of the page already built for them at no cost.,https://skywalkingzulu1.github.io/sandton-index/rad-ktm/,https://skywalkingzulu1.github.io/sandton-index/needs-a-website/?b=60c09066-61c4-41d1-9682-3d77bce9f741
Sorbet,Sunninghill,beauty-hair,recreation-lifestyle,C,True,verified,True,False,member health,Claim the listing to correct and complete their details.,https://skywalkingzulu1.github.io/sandton-index/sorbet/sunninghill-beauty-hair/,https://skywalkingzulu1.github.io/sandton-index/needs-a-website/?b=2be0a97e-e37d-41a0-bbc8-e6ef12eff2a0
Bud Box,Sunninghill,cannabis,daily-retail-conveniences,C,True,verified,False,False,worker welfare,Claim the listing to correct and complete their details.,https://skywalkingzulu1.github.io/sandton-index/bud-box/,https://skywalkingzulu1.github.io/sandton-index/needs-a-website/?b=6ead4f1b-2fa9-478b-b39a-ea7efdc97508
Bryanston Hair Studio,Sunninghill,beauty-hair,recreation-lifestyle,A,False,estimated,True,False,member health,Claim administrative control of the page already built for them at no cost.,https://skywalkingzulu1.github.io/sandton-index/bryanston-hair-studio/,https://skywalkingzulu1.github.io/sandton-index/needs-a-website/?b=2039021f-e9b7-4a56-8a0b-b3b19696f367
Quickshop,Sunninghill,convenience-liquor,daily-retail-conveniences,B,False,estimated,False,False,worker welfare,Claim administrative control of the page already built for them at no cost.,https://skywalkingzulu1.github.io/sandton-index/quickshop/sunninghill-convenience-liquor/,https://skywalkingzulu1.github.io/sandton-index/needs-a-website/?b=b0f5eeb9-5642-4d63-b7e0-c18f82a72602
Petervale Centre,Sunninghill,malls-shopping-centres,commercial-industrial-hubs,A,False,estimated,False,False,workplace health,Claim administrative control of the page already built for them at no cost.,https://skywalkingzulu1.github.io/sandton-index/petervale/,https://skywalkingzulu1.github.io/sandton-index/needs-a-website/?b=50a2b51c-dd6a-47a0-a8d9-def786f177b8
Builder's Warehouse,Sunninghill,doityourself-hardware,home-maintenance-trades,A,False,estimated,False,False,,Claim administrative control of the page already built for them at no cost.,https://skywalkingzulu1.github.io/sandton-index/builder-s-warehouse/,https://skywalkingzulu1.github.io/sandton-index/needs-a-website/?b=be291245-eef0-4c12-a422-e2371e15ae4b
Audi,Sunninghill,automotive,transport-logistics,B,False,estimated,False,False,occupational health,Claim administrative control of the page already built for them at no cost.,https://skywalkingzulu1.github.io/sandton-index/audi/sunninghill-automotive/,https://skywalkingzulu1.github.io/sandton-index/needs-a-website/?b=38ebde4d-648c-4427-9df6-82331a441c59
The Core Shopping Centre,Sunninghill,malls-shopping-centres,commercial-industrial-hubs,A,False,estimated,False,False,workplace health,Claim administrative control of the page already built for them at no cost.,https://skywalkingzulu1.github.io/sandton-index/core-shopping/,https://skywalkingzulu1.github.io/sandton-index/needs-a-website/?b=572fa31f-4ba8-4d23-8046-2541f107ca8f
ITV Networks,Sunninghill,offices-coworking,commercial-industrial-hubs,A,False,estimated,False,False,workplace health,Claim administrative control of the page already built for them at no cost.,https://skywalkingzulu1.github.io/sandton-index/itv-networks/sunninghill-offices-coworking/,https://skywalkingzulu1.github.io/sandton-index/needs-a-website/?b=1ae73363-c415-4998-bb7f-69daacdfbbe3
Lifemed Medical Scheme,Sunninghill,offices-coworking,commercial-industrial-hubs,B,False,estimated,False,False,workplace health,Claim administrative control of the page already built for them at no cost.,https://skywalkingzulu1.github.io/sandton-index/lifemed-medical-scheme/sunninghill-offices-coworking/,https://skywalkingzulu1.github.io/sandton-index/needs-a-website/?b=1d000f7d-18e9-44bb-a650-9927ddfdfc88
Rivonia Recreation Club,Sunninghill,fitness-sports,recreation-lifestyle,A,False,estimated,False,False,member health,Claim administrative control of the page already built for them at no cost.,https://skywalkingzulu1.github.io/sandton-index/rivonia-recreation-club/,https://skywalkingzulu1.github.io/sandton-index/needs-a-website/?b=684f66d4-8927-4021-b6dc-a8b94fb8ec37
Robindale Spar,Northcliff,supermarkets,daily-retail-conveniences,B,False,estimated,False,False,worker welfare,Claim administrative control of the page already built for them at no cost.,https://skywalkingzulu1.github.io/sandton-index/robindale-spar/,https://skywalkingzulu1.github.io/sandton-index/needs-a-website/?b=069c2ec0-c692-4ddc-a9d3-7d1d5617365b
Robins Rest,Northcliff,hotels-accommodation,housing-managed-complexes,A,False,unknown,False,False,resident health,Claim administrative control of the page already built for them at no cost.,https://skywalkingzulu1.github.io/sandton-index/robins-rest/,https://skywalkingzulu1.github.io/sandton-index/needs-a-website/?b=411c81ea-bdaa-4a38-a984-eda369eeb845
Randburg Motorcycles,Northcliff,automotive,transport-logistics,A,False,estimated,True,False,occupational health,Claim administrative control of the page already built for them at no cost.,https://skywalkingzulu1.github.io/sandton-index/randburg-motorcycles/,https://skywalkingzulu1.github.io/sandton-index/needs-a-website/?b=e569272b-281f-4089-8249-08359612e2a5
Brightness,Northcliff,services-home,home-maintenance-trades,A,False,estimated,False,False,,Claim administrative control of the page already built for them at no cost.,https://skywalkingzulu1.github.io/sandton-index/brightness/,https://skywalkingzulu1.github.io/sandton-index/needs-a-website/?b=5ad5d1b3-f328-49b7-b193-2887723933e5
Talisman,Northcliff,doityourself-hardware,home-maintenance-trades,A,False,estimated,False,False,,Claim administrative control of the page already built for them at no cost.,https://skywalkingzulu1.github.io/sandton-index/talisman/,https://skywalkingzulu1.github.io/sandton-index/needs-a-website/?b=fec4c922-143c-4992-8182-d349669d795b
Checkers,Northcliff,supermarkets,daily-retail-conveniences,C,True,verified,True,False,worker welfare,Claim the listing to correct and complete their details.,https://skywalkingzulu1.github.io/sandton-index/checkers/northcliff-adj-supermarkets/,https://skywalkingzulu1.github.io/sandton-index/needs-a-website/?b=7ed4ece3-118a-4466-8704-dcb030be25a8
Idwala,Northcliff,hotels-accommodation,housing-managed-complexes,C,True,unknown,True,False,resident health,Claim the listing to correct and complete their details.,https://skywalkingzulu1.github.io/sandton-index/idwala/,https://skywalkingzulu1.github.io/sandton-index/needs-a-website/?b=37f8fcb9-706c-4cbf-959c-c526e1c73d78
Boxman Moving Boxes,Northcliff,other,daily-retail-conveniences,A,False,estimated,True,False,worker welfare,Claim administrative control of the page already built for them at no cost.,https://skywalkingzulu1.github.io/sandton-index/boxman-moving-boxes/,https://skywalkingzulu1.github.io/sandton-index/needs-a-website/?b=bb5de3bf-44bf-4e29-8507-936861ab866f
Pick n Pay Express,Northcliff,convenience-liquor,daily-retail-conveniences,B,False,verified,True,False,worker welfare,Claim administrative control of the page already built for them at no cost.,https://skywalkingzulu1.github.io/sandton-index/pick-n-pay/northcliff-adj-convenience-liquor/,https://skywalkingzulu1.github.io/sandton-index/needs-a-website/?b=ef9b0bcf-3fb9-4a25-b860-53a4fd579c6c
The Workspace,Northcliff,offices-coworking,commercial-industrial-hubs,A,False,estimated,False,False,workplace health,Claim administrative control of the page already built for them at no cost.,https://skywalkingzulu1.github.io/sandton-index/workspace/,https://skywalkingzulu1.github.io/sandton-index/needs-a-website/?b=3ff92890-af8a-4317-bcb5-3d6d2afb00ad
Phree Edge,Northcliff,beauty-hair,recreation-lifestyle,A,False,verified,True,False,member health,Claim administrative control of the page already built for them at no cost.,https://skywalkingzulu1.github.io/sandton-index/phree-edge/,https://skywalkingzulu1.github.io/sandton-index/needs-a-website/?b=511e6039-22ca-49b1-8670-a4eaabb1cbe8
Pick n Pay Express,Northcliff,convenience-liquor,daily-retail-conveniences,B,False,verified,True,False,worker welfare,Claim administrative control of the page already built for them at no cost.,https://skywalkingzulu1.github.io/sandton-index/pick-n-pay/northcliff-adj-convenience-liquor-2/,https://skywalkingzulu1.github.io/sandton-index/needs-a-website/?b=3260265d-476c-41e1-a57c-90095f216d65
Shell,Northcliff,other,transport-logistics,C,True,estimated,True,False,occupational health,Claim the listing to correct and complete their details.,https://skywalkingzulu1.github.io/sandton-index/shell/northcliff-adj-other/,https://skywalkingzulu1.github.io/sandton-index/needs-a-website/?b=b214b5c5-90fc-43f6-b765-edbd49167cc3
Builder's Express Robindale,Northcliff,doityourself-hardware,home-maintenance-trades,C,True,verified,True,False,,Claim the listing to correct and complete their details.,https://skywalkingzulu1.github.io/sandton-index/builder-s-robindale/,https://skywalkingzulu1.github.io/sandton-index/needs-a-website/?b=5c2d1a95-22e1-4924-88d5-00943e3fc40a
Regal Distributors SA (Pty) Ltd,Northcliff,offices-coworking,commercial-industrial-hubs,A,False,verified,False,False,workplace health,Claim administrative control of the page already built for them at no cost.,https://skywalkingzulu1.github.io/sandton-index/regal-distributors-sa/,https://skywalkingzulu1.github.io/sandton-index/needs-a-website/?b=f03e50b3-35e2-4323-bc96-2cb750eead94
Shain Properties,Wierda Illovo,professional-services,commercial-industrial-hubs,C,True,verified,True,False,workplace health,Claim the listing to correct and complete their details.,https://skywalkingzulu1.github.io/sandton-index/shain-properties/,https://skywalkingzulu1.github.io/sandton-index/needs-a-website/?b=923b4db6-d2c9-4231-9584-8c7ae1bb9a6c
Discovery Ltd,Sandton Hq,health-wellness,health-medical-urgent,C,True,estimated,False,False,clinical partnership,Claim the listing to correct and complete their details.,https://skywalkingzulu1.github.io/sandton-index/discovery/sandton-hq-health-wellness/,https://skywalkingzulu1.github.io/sandton-index/needs-a-website/?b=HLT-00597
Momentum Metropolitan,Sandton Hq,health-wellness,health-medical-urgent,C,True,estimated,False,False,clinical partnership,Claim the listing to correct and complete their details.,https://skywalkingzulu1.github.io/sandton-index/momentum-metropolitan/,https://skywalkingzulu1.github.io/sandton-index/needs-a-website/?b=HLT-00598
AfroCentric Group (Medscheme),Sandton Hq,health-wellness,health-medical-urgent,C,True,estimated,False,False,clinical partnership,Claim the listing to correct and complete their details.,https://skywalkingzulu1.github.io/sandton-index/afrocentric-medscheme/,https://skywalkingzulu1.github.io/sandton-index/needs-a-website/?b=HLT-00599
Anglo American,Sandton Hq,offices-coworking,commercial-industrial-hubs,C,True,estimated,False,False,workplace health,Claim the listing to correct and complete their details.,https://skywalkingzulu1.github.io/sandton-index/anglo-american/,https://skywalkingzulu1.github.io/sandton-index/needs-a-website/?b=HLT-00600
Exxaro Resources,Sandton Hq,offices-coworking,commercial-industrial-hubs,C,True,estimated,False,False,workplace health,Claim the listing to correct and complete their details.,https://skywalkingzulu1.github.io/sandton-index/exxaro-resources/,https://skywalkingzulu1.github.io/sandton-index/needs-a-website/?b=HLT-00601
South32,Sandton Hq,offices-coworking,commercial-industrial-hubs,C,True,estimated,False,False,workplace health,Claim the listing to correct and complete their details.,https://skywalkingzulu1.github.io/sandton-index/south32/,https://skywalkingzulu1.github.io/sandton-index/needs-a-website/?b=HLT-00602
Sasol,Sandton Hq,offices-coworking,commercial-industrial-hubs,C,True,estimated,False,False,workplace health,Claim the listing to correct and complete their details.,https://skywalkingzulu1.github.io/sandton-index/sasol/,https://skywalkingzulu1.github.io/sandton-index/needs-a-website/?b=HLT-00603
Medtronic,Sandton Hq,health-wellness,health-medical-urgent,C,True,estimated,False,False,clinical partnership,Claim the listing to correct and complete their details.,https://skywalkingzulu1.github.io/sandton-index/medtronic/,https://skywalkingzulu1.github.io/sandton-index/needs-a-website/?b=HLT-00604
Siemens Healthineers,Sandton Hq,health-wellness,health-medical-urgent,C,True,estimated,False,False,clinical partnership,Claim the listing to correct and complete their details.,https://skywalkingzulu1.github.io/sandton-index/siemens-healthineers/,https://skywalkingzulu1.github.io/sandton-index/needs-a-website/?b=HLT-00605
Philips,Sandton Hq,health-wellness,health-medical-urgent,C,True,estimated,False,False,clinical partnership,Claim the listing to correct and complete their details.,https://skywalkingzulu1.github.io/sandton-index/philips/,https://skywalkingzulu1.github.io/sandton-index/needs-a-website/?b=HLT-00606
Deloitte,Sandton Hq,other,daily-retail-conveniences,C,True,estimated,False,False,worker welfare,Claim the listing to correct and complete their details.,https://skywalkingzulu1.github.io/sandton-index/deloitte/,https://skywalkingzulu1.github.io/sandton-index/needs-a-website/?b=HLT-00607
PwC,Sandton Hq,other,daily-retail-conveniences,C,True,estimated,False,False,worker welfare,Claim the listing to correct and complete their details.,https://skywalkingzulu1.github.io/sandton-index/pwc/sandton-hq-other/,https://skywalkingzulu1.github.io/sandton-index/needs-a-website/?b=HLT-00608
EY,Sandton Hq,other,daily-retail-conveniences,C,True,estimated,False,False,worker welfare,Claim the listing to correct and complete their details.,https://skywalkingzulu1.github.io/sandton-index/ey/,https://skywalkingzulu1.github.io/sandton-index/needs-a-website/?b=HLT-00609
KPMG South Africa,Sandton Hq,other,daily-retail-conveniences,C,True,estimated,False,False,worker welfare,Claim the listing to correct and complete their details.,https://skywalkingzulu1.github.io/sandton-index/kpmg-africa/,https://skywalkingzulu1.github.io/sandton-index/needs-a-website/?b=HLT-00610
Webber Wentzel,Sandton Hq,other,daily-retail-conveniences,C,True,estimated,False,False,worker welfare,Claim the listing to correct and complete their details.,https://skywalkingzulu1.github.io/sandton-index/webber-wentzel/sandton-hq-other/,https://skywalkingzulu1.github.io/sandton-index/needs-a-website/?b=HLT-00611
Clicks Group / Clicks Foundation,Sandton Hq,health-wellness,health-medical-urgent,C,True,estimated,False,False,clinical partnership,Claim the listing to correct and complete their details.,https://skywalkingzulu1.github.io/sandton-index/clicks-clicks-foundation/,https://skywalkingzulu1.github.io/sandton-index/needs-a-website/?b=HLT-00612
Dis-Chem Pharmacies,Sandton Hq,health-wellness,health-medical-urgent,C,True,estimated,False,False,clinical partnership,Claim the listing to correct and complete their details.,https://skywalkingzulu1.github.io/sandton-index/dis-chem-pharmacies/,https://skywalkingzulu1.github.io/sandton-index/needs-a-website/?b=HLT-00613
Tiger Brands Foundation,Sandton Hq,health-wellness,health-medical-urgent,C,True,estimated,False,False,clinical partnership,Claim the listing to correct and complete their details.,https://skywalkingzulu1.github.io/sandton-index/tiger-brands-foundation/,https://skywalkingzulu1.github.io/sandton-index/needs-a-website/?b=HLT-00614
Standard Bank,Sandton Hq,banks-financial,commercial-industrial-hubs,C,True,estimated,False,False,workplace health,Claim the listing to correct and complete their details.,https://skywalkingzulu1.github.io/sandton-index/standard-bank/sandton-hq-banks-financial/,https://skywalkingzulu1.github.io/sandton-index/needs-a-website/?b=HLT-00615
RMB,Sandton Hq,banks-financial,commercial-industrial-hubs,C,True,estimated,False,False,workplace health,Claim the listing to correct and complete their details.,https://skywalkingzulu1.github.io/sandton-index/rmb/,https://skywalkingzulu1.github.io/sandton-index/needs-a-website/?b=HLT-00616
Investec,Sandton Hq,banks-financial,commercial-industrial-hubs,C,True,estimated,False,False,workplace health,Claim the listing to correct and complete their details.,https://skywalkingzulu1.github.io/sandton-index/investec/,https://skywalkingzulu1.github.io/sandton-index/needs-a-website/?b=HLT-00617
Nedbank,Sandton Hq,banks-financial,commercial-industrial-hubs,C,True,estimated,False,False,workplace health,Claim the listing to correct and complete their details.,https://skywalkingzulu1.github.io/sandton-index/nedbank/,https://skywalkingzulu1.github.io/sandton-index/needs-a-website/?b=HLT-00618
Alexander Forbes,Sandton CBD,professional-services,commercial-industrial-hubs,C,True,estimated,False,False,workplace health,Claim the listing to correct and complete their details.,https://skywalkingzulu1.github.io/sandton-index/alexander-forbes/,https://skywalkingzulu1.github.io/sandton-index/needs-a-website/?b=HQ-00619
JSE Limited,Sandton CBD,banks-financial,commercial-industrial-hubs,C,True,estimated,False,False,workplace health,Claim the listing to correct and complete their details.,https://skywalkingzulu1.github.io/sandton-index/jse/sandton-cbd-banks-financial/,https://skywalkingzulu1.github.io/sandton-index/needs-a-website/?b=HQ-00620
Bidvest Group,Illovo,tech-it,commercial-industrial-hubs,C,True,estimated,False,False,workplace health,Claim the listing to correct and complete their details.,https://skywalkingzulu1.github.io/sandton-index/bidvest/,https://skywalkingzulu1.github.io/sandton-index/needs-a-website/?b=HQ-00621
Liberty Two Degrees,Sandton CBD,professional-services,commercial-industrial-hubs,C,True,estimated,False,False,workplace health,Claim the listing to correct and complete their details.,https://skywalkingzulu1.github.io/sandton-index/liberty-two-degrees/sandton-cbd-professional-services/,https://skywalkingzulu1.github.io/sandton-index/needs-a-website/?b=HQ-00622
Bowman Gilfillan Africa Group,Alice Lane Kath,professional-services,commercial-industrial-hubs,C,True,estimated,False,False,workplace health,Claim the listing to correct and complete their details.,https://skywalkingzulu1.github.io/sandton-index/bowman-gilfillan-africa/,https://skywalkingzulu1.github.io/sandton-index/needs-a-website/?b=HQ-00623
ENSafrica,Sandton CBD,professional-services,commercial-industrial-hubs,C,True,estimated,False,False,workplace health,Claim the listing to correct and complete their details.,https://skywalkingzulu1.github.io/sandton-index/ensafrica/,https://skywalkingzulu1.github.io/sandton-index/needs-a-website/?b=HQ-00624
Accenture South Africa,Rivonia,tech-it,commercial-industrial-hubs,C,True,estimated,False,False,workplace health,Claim the listing to correct and complete their details.,https://skywalkingzulu1.github.io/sandton-index/accenture-africa/,https://skywalkingzulu1.github.io/sandton-index/needs-a-website/?b=HQ-00625
NTT Data (Dimension Data),Woodmead,tech-it,commercial-industrial-hubs,C,True,estimated,False,False,workplace health,Claim the listing to correct and complete their details.,https://skywalkingzulu1.github.io/sandton-index/ntt-data-dimension-data/,https://skywalkingzulu1.github.io/sandton-index/needs-a-website/?b=HQ-00626
Vodacom Group,Sandhurst,tech-it,commercial-industrial-hubs,C,True,estimated,False,False,workplace health,Claim the listing to correct and complete their details.,https://skywalkingzulu1.github.io/sandton-index/vodacom/,https://skywalkingzulu1.github.io/sandton-index/needs-a-website/?b=HQ-00627
Sygnia,Illovo,banks-financial,commercial-industrial-hubs,C,True,estimated,False,False,workplace health,Claim the listing to correct and complete their details.,https://skywalkingzulu1.github.io/sandton-index/sygnia/,https://skywalkingzulu1.github.io/sandton-index/needs-a-website/?b=HQ-00628
Absa Group,Sandton Regional Office,banks-financial,commercial-industrial-hubs,C,True,estimated,False,False,workplace health,Claim the listing to correct and complete their details.,https://skywalkingzulu1.github.io/sandton-index/absa/sandton-regional-office-banks-financial/,https://skywalkingzulu1.github.io/sandton-index/needs-a-website/?b=HQ-00629
Growthpoint Properties,Sandton Hq,other,daily-retail-conveniences,C,True,estimated,False,False,worker welfare,Claim the listing to correct and complete their details.,https://skywalkingzulu1.github.io/sandton-index/growthpoint-properties/,https://skywalkingzulu1.github.io/sandton-index/needs-a-website/?b=AGG-00630
Redefine Properties,Sandton Hq,other,daily-retail-conveniences,C,True,estimated,False,False,worker welfare,Claim the listing to correct and complete their details.,https://skywalkingzulu1.github.io/sandton-index/redefine-properties/,https://skywalkingzulu1.github.io/sandton-index/needs-a-website/?b=AGG-00631
Liberty Two Degrees,Sandton Hq,other,daily-retail-conveniences,C,True,estimated,False,False,worker welfare,Claim the listing to correct and complete their details.,https://skywalkingzulu1.github.io/sandton-index/liberty-two-degrees/sandton-hq-other/,https://skywalkingzulu1.github.io/sandton-index/needs-a-website/?b=AGG-00632
Fortress REIT,Sandton Hq,other,daily-retail-conveniences,C,True,estimated,False,False,worker welfare,Claim the listing to correct and complete their details.,https://skywalkingzulu1.github.io/sandton-index/fortress-reit/,https://skywalkingzulu1.github.io/sandton-index/needs-a-website/?b=AGG-00633
Pareto Ltd,Sandton Hq,other,daily-retail-conveniences,A,False,estimated,False,False,worker welfare,Claim administrative control of the page already built for them at no cost.,https://skywalkingzulu1.github.io/sandton-index/pareto/,https://skywalkingzulu1.github.io/sandton-index/needs-a-website/?b=AGG-00634
Accelerate Property Fund,Sandton Hq,other,daily-retail-conveniences,A,False,estimated,False,False,worker welfare,Claim administrative control of the page already built for them at no cost.,https://skywalkingzulu1.github.io/sandton-index/accelerate-property-fund/,https://skywalkingzulu1.github.io/sandton-index/needs-a-website/?b=AGG-00635
Attacq Limited,Sandton Hq,other,daily-retail-conveniences,C,True,estimated,False,False,worker welfare,Claim the listing to correct and complete their details.,https://skywalkingzulu1.github.io/sandton-index/attacq/,https://skywalkingzulu1.github.io/sandton-index/needs-a-website/?b=AGG-00636
Delta Property Fund,Sandton Hq,other,daily-retail-conveniences,C,True,estimated,False,False,worker welfare,Claim the listing to correct and complete their details.,https://skywalkingzulu1.github.io/sandton-index/delta-property-fund/,https://skywalkingzulu1.github.io/sandton-index/needs-a-website/?b=AGG-00637
Broll Property Group,Sandton Hq,other,daily-retail-conveniences,C,True,estimated,False,False,worker welfare,Claim the listing to correct and complete their details.,https://skywalkingzulu1.github.io/sandton-index/broll-property/,https://skywalkingzulu1.github.io/sandton-index/needs-a-website/?b=AGG-00638
Cushman & Wakefield,Sandton Hq,other,daily-retail-conveniences,C,True,estimated,False,False,worker welfare,Claim the listing to correct and complete their details.,https://skywalkingzulu1.github.io/sandton-index/cushman-wakefield/,https://skywalkingzulu1.github.io/sandton-index/needs-a-website/?b=AGG-00639
Empowerdex,Sandton Hq,other,daily-retail-conveniences,C,True,estimated,False,False,worker welfare,Claim the listing to correct and complete their details.,https://skywalkingzulu1.github.io/sandton-index/empowerdex/,https://skywalkingzulu1.github.io/sandton-index/needs-a-website/?b=AGG-00640
AQRATE,Sandton Hq,other,daily-retail-conveniences,C,True,estimated,False,False,worker welfare,Claim the listing to correct and complete their details.,https://skywalkingzulu1.github.io/sandton-index/aqrate/,https://skywalkingzulu1.github.io/sandton-index/needs-a-website/?b=AGG-00641
SizweNtsalubaGobodo (SNG Grant Thornton),Sandton Hq,other,daily-retail-conveniences,C,True,estimated,False,False,worker welfare,Claim the listing to correct and complete their details.,https://skywalkingzulu1.github.io/sandton-index/sizwentsalubagobodo-sng-grant-thornton/,https://skywalkingzulu1.github.io/sandton-index/needs-a-website/?b=AGG-00642
Trialogue,Sandton Hq,other,daily-retail-conveniences,C,True,estimated,False,False,worker welfare,Claim the listing to correct and complete their details.,https://skywalkingzulu1.github.io/sandton-index/trialogue/,https://skywalkingzulu1.github.io/sandton-index/needs-a-website/?b=AGG-00643
BEE123,Sandton Hq,other,daily-retail-conveniences,C,True,estimated,False,False,worker welfare,Claim the listing to correct and complete their details.,https://skywalkingzulu1.github.io/sandton-index/bee123/,https://skywalkingzulu1.github.io/sandton-index/needs-a-website/?b=AGG-00644
Honeycomb BEE Ratings,Sandton Hq,other,daily-retail-conveniences,A,False,estimated,False,False,worker welfare,Claim administrative control of the page already built for them at no cost.,https://skywalkingzulu1.github.io/sandton-index/honeycomb-bee-ratings/,https://skywalkingzulu1.github.io/sandton-index/needs-a-website/?b=AGG-00645
Express BEE / E-BEE,Sandton Hq,other,daily-retail-conveniences,A,False,estimated,False,False,worker welfare,Claim administrative control of the page already built for them at no cost.,https://skywalkingzulu1.github.io/sandton-index/bee-e-bee/,https://skywalkingzulu1.github.io/sandton-index/needs-a-website/?b=AGG-00646
SAB&T Chartered Accountants,Sandton Hq,other,daily-retail-conveniences,C,True,estimated,False,False,worker welfare,Claim the listing to correct and complete their details.,https://skywalkingzulu1.github.io/sandton-index/sab-t-chartered-accountants/,https://skywalkingzulu1.github.io/sandton-index/needs-a-website/?b=AGG-00647
Plus94 Research,Sandton Hq,other,daily-retail-conveniences,C,True,estimated,False,False,worker welfare,Claim the listing to correct and complete their details.,https://skywalkingzulu1.github.io/sandton-index/plus94-research/,https://skywalkingzulu1.github.io/sandton-index/needs-a-website/?b=AGG-00648
SANAS Accredited Agencies (bulk),Sandton Hq,other,daily-retail-conveniences,C,True,estimated,False,False,worker welfare,Claim the listing to correct and complete their details.,https://skywalkingzulu1.github.io/sandton-index/sanas-accredited-agencies-bulk/,https://skywalkingzulu1.github.io/sandton-index/needs-a-website/?b=AGG-00649
Bidvest Facilities Management,Sandton Hq,other,daily-retail-conveniences,C,True,estimated,False,False,worker welfare,Claim the listing to correct and complete their details.,https://skywalkingzulu1.github.io/sandton-index/bidvest-facilities-management/,https://skywalkingzulu1.github.io/sandton-index/needs-a-website/?b=AGG-00650
Fidelity Services Group,Sandton Hq,other,daily-retail-conveniences,C,True,estimated,False,False,worker welfare,Claim the listing to correct and complete their details.,https://skywalkingzulu1.github.io/sandton-index/fidelity/,https://skywalkingzulu1.github.io/sandton-index/needs-a-website/?b=AGG-00651
Servest Group,Sandton Hq,other,daily-retail-conveniences,C,True,estimated,False,False,worker welfare,Claim the listing to correct and complete their details.,https://skywalkingzulu1.github.io/sandton-index/servest/,https://skywalkingzulu1.github.io/sandton-index/needs-a-website/?b=AGG-00652
Tsebo Solutions Group,Sandton Hq,other,daily-retail-conveniences,C,True,estimated,False,False,worker welfare,Claim the listing to correct and complete their details.,https://skywalkingzulu1.github.io/sandton-index/tsebo-solutions/,https://skywalkingzulu1.github.io/sandton-index/needs-a-website/?b=AGG-00653
Sandton Central Mgmt District,Sandton Hq,other,daily-retail-conveniences,C,True,estimated,False,False,worker welfare,Claim the listing to correct and complete their details.,https://skywalkingzulu1.github.io/sandton-index/central-mgmt-district/,https://skywalkingzulu1.github.io/sandton-index/needs-a-website/?b=AGG-00654
SACCI,Sandton Hq,other,daily-retail-conveniences,C,True,estimated,False,False,worker welfare,Claim the listing to correct and complete their details.,https://skywalkingzulu1.github.io/sandton-index/sacci/,https://skywalkingzulu1.github.io/sandton-index/needs-a-website/?b=AGG-00655
Rotary Club of Sandton,Sandton Hq,other,recreation-lifestyle,A,False,estimated,False,False,member health,Claim administrative control of the page already built for them at no cost.,https://skywalkingzulu1.github.io/sandton-index/rotary-club-of/,https://skywalkingzulu1.github.io/sandton-index/needs-a-website/?b=AGG-00656
Standard Bank,Sandton Hq,offices-coworking,commercial-industrial-hubs,C,True,estimated,False,False,workplace health,Claim the listing to correct and complete their details.,https://skywalkingzulu1.github.io/sandton-index/standard-bank/sandton-hq-offices-coworking/,https://skywalkingzulu1.github.io/sandton-index/needs-a-website/?b=AGG-00657
Absa,Sandton Hq,offices-coworking,commercial-industrial-hubs,C,True,estimated,False,False,workplace health,Claim the listing to correct and complete their details.,https://skywalkingzulu1.github.io/sandton-index/absa/sandton-hq-offices-coworking/,https://skywalkingzulu1.github.io/sandton-index/needs-a-website/?b=AGG-00658
JSE,Sandton Hq,offices-coworking,commercial-industrial-hubs,C,True,estimated,False,False,workplace health,Claim the listing to correct and complete their details.,https://skywalkingzulu1.github.io/sandton-index/jse/sandton-hq-offices-coworking/,https://skywalkingzulu1.github.io/sandton-index/needs-a-website/?b=AGG-00659
